date,open,high,low,close
2002-10-30,83.98,92.38,82,83.52
2002-10-31,83.9,83.92,83.9,83.91
2002-11-01,84.5,84.65,84,84.51
2002-11-04,84.9,85.06,84.9,84.99
2002-11-05,85.1,85.2,85.1,85.13
2002-11-06,84.9,84.9,84.9,84.9
2002-11-07,85,85.15,85,85.14
2002-11-08,85.25,85.28,85.1,85.16
2002-11-11,85.18,85.19,85.18,85.19
2002-11-12,85.26,85.32,85.26,85.29
2002-11-13,85.7,86.3,85.5,85.99
2002-11-14,84.62,85.48,84.62,84.97
2002-11-15,85,85.02,85,85
2002-11-18,85.26,85.31,85.25,85.28
2002-11-19,84.85,85.32,84.85,85.22
2002-11-20,85.3,85.3,84.85,85
2002-11-21,84.78,85.06,84.77,85.04
2002-11-22,85.1,85.19,85.1,85.18
2002-11-25,85.21,85.5,85.21,85.39
2002-11-26,85.32,85.38,85.32,85.37
2002-11-27,85.4,85.55,85.4,85.52
2002-11-28,85.55,85.55,85.51,85.53
2002-11-29,85.5,85.6,85.5,85.6
2002-12-02,85.33,85.55,85.33,85.55
2002-12-03,85.5,85.55,85.5,85.55
2002-12-04,86,86,85.8,85.95
2002-12-05,86,86,85.8,85.95
2002-12-06,85.95,86.27,85.95,86.23
2002-12-09,86.69,86.69,86.54,86.55
2002-12-10,86.6,86.61,86.59,86.6
2002-12-11,86.55,86.55,86.22,86.32
2002-12-12,86.4,86.45,86.4,86.45
2002-12-13,87.84,87.9,87.84,87.9
2002-12-16,88.8,90,88.78,89.53
2002-12-17,89.8,90.15,89.8,90.11
2002-12-18,90.15,90.15,90.07,90.15
2002-12-19,91.62,94.5,91.62,93.66
2002-12-20,94,94.8,93.88,94.4
2002-12-23,93.8,94,93.28,93.44
2002-12-24,93.65,93.65,92.9,93.1
2002-12-25,93.2,93.25,93.05,93.05
2002-12-26,92.55,93.08,92.55,93.01
2002-12-27,93.8,93.85,93.5,93.61
2002-12-30,93.8,94,93.6,93.86
2002-12-31,93.35,93.35,92.51,92.79
2003-01-02,93,93,92.8,92.87
2003-01-03,92.8,92.84,92.75,92.81
2003-01-06,93.99,94,93.9,93.95
2003-01-07,93.75,93.75,93.66,93.67
2003-01-08,93.6,93.6,93.3,93.37
2003-01-09,94.36,94.36,94.1,94.22
2003-01-10,94.38,94.38,94.18,94.2
2003-01-13,94.3,94.4,94.3,94.4
2003-01-14,94.75,94.8,94.75,94.8
2003-01-15,94.8,94.9,94.65,94.88
2003-01-16,95,95.05,94.62,94.94
2003-01-17,95.5,95.68,95.5,95.58
2003-01-20,95.68,96,95.6,95.89
2003-01-21,96,96.28,96,96.27
2003-01-22,97.5,97.5,97.35,97.42
2003-01-23,98.48,98.5,97.65,97.7
2003-01-24,98.3,98.3,97.94,97.98
2003-01-27,98.5,98.52,98,98.1
2003-01-28,98.12,98.12,97.15,97.24
2003-01-29,97.78,97.78,97.5,97.7
2003-02-10,98.5,99.4,98.5,99.07
2003-02-11,97.55,97.8,97.18,97.41
2003-02-12,97.11,97.36,97,97.2
2003-02-13,94.1,95,94.1,94.36
2003-02-14,96.58,96.58,96,96.46
2003-02-17,92.5,94.6,92.5,93.22
2003-02-18,94,94.48,94,94.07
2003-02-19,93,93.6,93,93.43
2003-02-20,94.9,95,94.83,94.88
2003-02-21,95.5,95.55,95.08,95.19
2003-02-24,94.31,95,94.31,94.74
2003-02-25,96.5,96.5,95.67,95.74
2003-02-26,95.18,95.56,94.6,94.65
2003-02-27,95.3,95.3,94.8,94.93
2003-02-28,93.78,93.78,93.5,93.59
2003-03-03,93.28,93.45,93,93.02
2003-03-04,93.88,93.99,93.73,93.95
2003-03-05,95,95.08,94.9,94.93
2003-03-06,94.97,94.97,94.4,94.61
2003-03-07,94.9,95,94.81,94.89
2003-03-10,94.75,94.85,94.55,94.56
2003-03-11,94.8,94.8,94.25,94.26
2003-03-12,93.6,93.8,93.5,93.73
2003-03-13,92.5,92.8,92.49,92.76
2003-03-14,91.2,91.2,89.95,90.24
2003-03-17,92.3,92.3,91.95,92.15
2003-03-18,91.03,91.1,90.86,91.1
2003-03-19,91.04,91.15,90.88,91.15
2003-03-20,90,90.15,89,89.65
2003-03-21,89.8,90.15,89.8,90.15
2003-03-24,88.6,89.3,88.6,89.28
2003-03-25,89.78,89.98,89.5,89.85
2003-03-26,89.35,89.35,88.7,88.75
2003-03-27,89.25,89.35,89.08,89.09
2003-03-28,88.81,89,88.35,88.4
2003-03-31,89.3,89.7,89.3,89.35
2003-04-01,89.78,89.98,89.52,89.7
2003-04-02,89.7,89.7,88.88,89.01
2003-04-03,88.51,88.51,88.11,88.22
2003-04-04,87.5,87.5,86.6,86.81
2003-04-07,86.5,86.5,86,86.01
2003-04-08,86.89,86.89,85.92,86.01
2003-04-09,86.41,86.99,86.41,86.86
2003-04-10,87.45,87.63,87.41,87.41
2003-04-11,87.2,87.25,87.05,87.2
2003-04-14,87.4,87.45,87.25,87.3
2003-04-15,86.89,86.89,86.61,86.65
2003-04-16,86.2,87,86.2,86.79
2003-04-17,87,87.25,86.95,87.01
2003-04-18,87.28,87.3,87.08,87.2
2003-04-21,87.45,87.68,87.21,87.31
2003-04-22,88.63,88.72,88.4,88.45
2003-04-23,88.7,88.75,88.6,88.75
2003-04-24,88.55,88.75,88.55,88.72
2003-04-25,88.72,89.03,88.72,89.02
2003-04-28,89,89.05,88.5,88.97
2003-04-29,89,89,88.72,88.77
2003-04-30,89.08,89.15,89,89.15
2003-05-12,92.45,92.49,92.34,92.44
2003-05-13,92.4,92.55,92.4,92.52
2003-05-14,92.59,92.59,92.43,92.55
2003-05-15,92.55,93.3,92.55,93.3
2003-05-16,93.2,93.5,93.2,93.5
2003-05-19,95,95.2,94.85,94.85
2003-05-20,96.54,96.55,96.5,96.5
2003-05-21,97,97.2,97,97.14
2003-05-22,97.75,98,97.7,97.79
2003-05-23,96.8,96.8,96.5,96.59
2003-05-26,97.4,97.65,97.4,97.6
2003-05-27,98.1,98.1,97.8,98
2003-05-28,97,97.45,96.6,97.33
2003-05-29,96.5,96.65,96.5,96.64
2003-05-30,97.7,98,97.7,97.92
2003-06-02,96.7,96.78,96.57,96.64
2003-06-03,97.4,97.4,97.3,97.35
2003-06-04,97.2,97.2,96.9,97.02
2003-06-05,96.3,96.4,96.3,96.38
2003-06-06,97.3,97.35,97.12,97.14
2003-06-09,96.7,97,96.7,96.98
2003-06-10,96.1,96.8,96.05,96.58
2003-06-11,95,95.1,94.51,94.71
2003-06-12,95.08,95.08,94.75,94.75
2003-06-13,94.7,94.95,94.7,94.94
2003-06-16,96.1,96.1,95.83,95.89
2003-06-17,96,96.1,95.95,96.03
2003-06-18,96.9,96.9,96.4,96.43
2003-06-19,95.4,95.45,95.4,95.41
2003-06-20,96.2,96.2,95.9,95.92
2003-06-23,95.35,95.5,95.35,95.46
2003-06-24,95,95,94.8,94.99
2003-06-25,93.5,93.8,93.5,93.51
2003-06-26,93.5,93.75,93.5,93.73
2003-06-27,92.35,92.4,92.34,92.39
2003-06-30,92.3,92.45,92.3,92.45
2003-07-01,92.99,93.75,92.99,93.38
2003-07-02,93.8,94,93.8,93.9
2003-07-03,94,94,93.5,93.53
2003-07-04,93.5,93.58,93.45,93.48
2003-07-07,93.9,93.9,93.56,93.66
2003-07-08,92.9,92.9,92.78,92.8
2003-07-09,92.18,92.5,92,92.44
2003-07-10,92.35,92.35,92.25,92.28
2003-07-11,92.28,92.55,92.28,92.47
2003-07-14,92.5,92.55,92.3,92.36
2003-07-15,92.5,93.15,92.5,93.13
2003-07-16,91.6,91.95,91.6,91.9
2003-07-17,92.15,92.22,92.15,92.19
2003-07-18,92.35,92.38,92.22,92.27
2003-07-21,92.7,92.7,92.6,92.6
2003-07-22,93.3,93.68,93.3,93.63
2003-07-23,93.5,93.7,93.5,93.66
2003-07-24,95.41,95.41,95.3,95.39
2003-07-25,95.55,95.6,95.28,95.44
2003-07-28,95.8,95.8,95.5,95.79
2003-07-29,95.9,96.88,95.9,96.7
2003-07-30,96,96,95.5,95.5
2003-07-31,94.8,94.82,94.6,94.7
2003-08-01,94.7,94.7,94.45,94.52
2003-08-04,93.5,93.5,93.3,93.46
2003-08-05,93.5,93.85,93.45,93.66
2003-08-06,94.01,94.25,94.01,94.22
2003-08-07,94.22,94.22,93.5,93.51
2003-08-08,94.18,94.3,94.15,94.3
2003-08-11,94.8,94.95,94.8,94.85
2003-08-12,95.8,95.8,95.5,95.5
2003-08-13,95.02,95.02,94.8,94.88
2003-08-14,95.79,95.95,95.7,95.94
2003-08-15,96.6,96.6,96,96.12
2003-08-18,96,96,95.8,95.94
2003-08-19,95.75,95.75,95.42,95.48
2003-08-20,96,96.1,96,96.1
2003-08-21,96.8,96.9,96,96.37
2003-08-22,96.1,96.1,95.99,96.07
2003-08-25,96.4,96.5,96.4,96.49
2003-08-26,96.3,96.49,96.3,96.45
2003-08-27,96.83,96.83,96.4,96.43
2003-08-28,98,98,97.45,97.58
2003-08-29,97.65,97.78,97.65,97.78
2003-09-01,99.25,99.6,99.25,99.34
2003-09-02,99.8,99.95,99.55,99.65
2003-09-03,99,99,98.5,98.88
2003-09-04,99.3,99.35,99.01,99.29
2003-09-05,99.3,99.34,98.95,98.98
2003-09-08,99.7,99.7,99.65,99.7
2003-09-09,99.9,100.45,99.9,100.36
2003-09-10,101,101.42,101,101.36
2003-09-11,101.2,101.3,101.15,101.27
2003-09-12,100.99,100.99,100.7,100.83
2003-09-15,100,100,99.9,99.91
2003-09-16,100,100.25,100,100.13
2003-09-17,99.81,99.82,99.55,99.6
2003-09-18,100.49,100.58,100.45,100.53
2003-09-19,100.3,100.43,100.2,100.35
2003-09-22,102.6,102.7,102.35,102.45
2003-09-23,102.51,102.65,102.5,102.55
2003-09-24,102.4,102.5,102.25,102.39
2003-09-25,103.1,103.3,103,103.3
2003-09-26,102.85,102.85,102.65,102.71
2003-09-29,101.85,101.85,101.22,101.42
2003-09-30,101.98,102.05,101.9,101.99
2003-10-08,100.6,100.68,100.46,100.47
2003-10-09,100.29,100.41,100.29,100.32
2003-10-10,99.2,99.26,98.9,98.9
2003-10-13,99.51,99.55,99.36,99.38
2003-10-14,99.5,99.58,99.43,99.52
2003-10-15,99.99,100.05,99.85,99.98
2003-10-16,99.55,100,99.55,99.99
2003-10-17,100.2,100.88,100.2,100.58
2003-10-20,101.18,101.18,99.36,100.01
2003-10-21,100,100.2,99.99,100
2003-10-22,100.82,101.55,100.82,101.48
2003-10-23,102.1,103,102.1,102.97
2003-10-24,102.5,102.7,102.4,102.46
2003-10-27,103,103,102.85,102.85
2003-10-28,102.6,102.6,102.55,102.58
2003-10-29,102.5,102.5,101.83,101.86
2003-10-30,101.86,102.8,101.86,102.79
2003-10-31,102.2,102.35,101.85,102.31
2003-11-03,102.31,102.38,102.3,102.33
2003-11-04,101.5,101.5,101,101.22
2003-11-05,101.22,102.1,101.08,102.08
2003-11-06,102.3,102.4,102.16,102.36
2003-11-07,102,102.09,101.9,102.05
2003-11-10,102.5,102.55,102.26,102.38
2003-11-11,103,103.05,102.85,102.96
2003-11-12,103.15,103.35,103.15,103.29
2003-11-13,104.5,104.7,104.45,104.65
2003-11-14,105,105.4,104.98,105.29
2003-11-17,106,106,104.78,105.54
2003-11-18,104.98,105,104.58,104.68
2003-11-19,105.9,106.3,105.9,106.1
2003-11-20,105.35,106,105.35,105.74
2003-11-21,105.45,106.3,105.45,106.25
2003-11-24,106.06,106.3,106.06,106.22
2003-11-25,106.1,106.2,106,106
2003-11-26,105,105.6,105,105.6
2003-11-27,105.6,106,105.6,106
2003-11-28,105.5,105.95,105.4,105.51
2003-12-01,106.08,106.58,106,106.38
2003-12-02,107,107,106.65,106.84
2003-12-03,107.2,107.6,107.16,107.39
2003-12-04,107.4,107.4,107.21,107.27
2003-12-05,107.5,107.5,107,107.46
2003-12-08,108,108.48,108,108.44
2003-12-09,108.9,109.5,108.8,109.15
2003-12-10,109,109.32,109,109
2003-12-11,108,108.09,107.91,108.02
2003-12-12,108.3,108.45,108.25,108.28
2003-12-15,108,108.14,107.9,107.93
2003-12-16,109,109.15,108.9,109.15
2003-12-17,109,109,108.7,108.75
2003-12-18,109.35,109.36,109.15,109.3
2003-12-19,109.3,109.3,109.2,109.2
2003-12-22,109.15,109.22,109.1,109.17
2003-12-23,109.2,109.39,109.2,109.32
2003-12-24,109.5,109.55,109.5,109.51
2003-12-25,110.1,110.2,110,110
2003-12-26,110.15,110.25,110.01,110.23
2003-12-29,110.2,110.25,110.15,110.16
2003-12-30,110.5,110.55,110.46,110.5
2003-12-31,110.88,111,110.88,111
2004-01-02,111,111.2,111,111.18
2004-01-05,111.3,111.9,111.15,111.88
2004-01-06,113.8,115,113.8,114.99
2004-01-07,113.8,114.36,113.8,114.24
2004-01-08,113.5,114.15,113.5,114.14
2004-01-09,114,114,112.8,113.19
2004-01-12,114.5,114.5,114,114.15
2004-01-13,114,114.3,113.62,113.63
2004-01-14,113.41,113.5,113.1,113.1
2004-01-15,112.25,112.25,111.51,111.83
2004-01-16,108.88,109.02,108.58,108.87
2004-01-29,109.65,109.7,109.45,109.65
2004-01-30,108.2,108.2,108,108.09
2004-02-02,108.48,108.48,107.9,107.91
2004-02-03,107.5,107.5,107,107.02
2004-02-04,107,107.2,107,107.1
2004-02-05,107.5,107.5,107.1,107.28
2004-02-06,106.2,107.5,106.2,107.06
2004-02-09,108.05,108.4,108.05,108.4
2004-02-10,108.55,109.26,108.55,109.21
2004-02-11,109,109,108.9,108.96
2004-02-12,110,110,109.5,109.61
2004-02-13,109.7,109.9,109.7,109.88
2004-02-16,109.22,109.5,109.22,109.48
2004-02-17,109.9,110.09,109.9,110.05
2004-02-18,110.8,110.8,110.55,110.7
2004-02-19,109.65,109.79,109.65,109.65
2004-02-20,109.6,109.6,109.3,109.39
2004-02-23,106.72,107.6,106.6,107.53
2004-02-24,107.5,108,107.45,107.8
2004-02-25,108.5,108.5,108.21,108.34
2004-02-26,106.81,107.4,106.81,107.33
2004-02-27,107.2,107.2,106.75,106.94
2004-03-01,107.4,107.8,106.85,106.89
2004-03-02,107.3,107.3,106.91,106.95
2004-03-03,105.1,105.3,104.65,105
2004-03-04,105.12,105.66,105.12,105.6
2004-03-05,105.55,106.04,105.55,106
2004-03-08,107.05,107.2,106.85,106.9
2004-03-09,107.5,107.58,107.46,107.47
2004-03-10,108,108,106.8,106.92
2004-03-11,106.5,106.9,106.5,106.81
2004-03-12,107.4,107.45,107,107.05
2004-03-15,106.55,106.55,106.35,106.49
2004-03-16,106.8,107.05,106.78,106.8
2004-03-17,107.2,107.3,107.15,107.18
2004-03-18,108.32,108.35,108.08,108.11
2004-03-19,109,109,108.9,109
2004-03-22,109.2,109.5,109.15,109.47
2004-03-23,110.5,111,110.5,110.9
2004-03-24,111.15,111.15,111,111
2004-03-25,110.7,110.7,110.4,110.59
2004-03-26,110.9,110.9,110.6,110.6
2004-03-29,111.69,111.69,111.33,111.38
2004-03-30,110.9,111.4,110.9,111.26
2004-03-31,111.88,112.22,111.88,112.21
2004-04-01,112.85,112.93,112.85,112.88
2004-04-02,112.9,113.19,112.9,113.15
2004-04-05,111.9,112,111.8,112
2004-04-06,111.1,111.1,110.9,111.05
2004-04-07,112.1,112.11,112.05,112.09
2004-04-08,112.65,112.8,112.65,112.78
2004-04-09,112.5,112.7,112.5,112.63
2004-04-12,112.8,112.8,112.55,112.63
2004-04-13,112.61,112.7,112,112
2004-04-14,109.4,109.55,108.95,109.46
2004-04-15,108,108,107.6,107.9
2004-04-16,107.7,108.4,107.7,108.37
2004-04-19,108.9,109.25,108.9,109.21
2004-04-20,108,108.05,107.95,107.97
2004-04-21,106,106.45,105.7,106.44
2004-04-22,106.3,106.35,105.95,105.96
2004-04-23,106.65,106.72,106.1,106.24
2004-04-26,106.39,106.39,106.02,106.03
2004-04-27,106.55,107,106.4,106.98
2004-04-28,107.18,107.2,106.94,107
2004-04-29,104.5,104.5,103.35,103.42
2004-04-30,104.75,104.8,104.45,104.54
2004-05-10,102.5,102.5,101.78,101.87
2004-05-11,102.2,102.6,102.2,102.34
2004-05-12,102.25,102.38,102.16,102.28
2004-05-13,102.2,102.2,101.5,101.52
2004-05-14,101.3,101.3,100.88,100.99
2004-05-17,102.38,102.4,102.25,102.29
2004-05-18,101,102.1,101,102.05
2004-05-19,102,102.2,102,102.1
2004-05-20,102.88,102.88,102.15,102.15
2004-05-21,102.35,102.48,102.3,102.42
2004-05-24,102.9,102.9,102.55,102.59
2004-05-25,102.88,103.48,102.88,103.18
2004-05-26,103.78,104,103.78,103.97
2004-05-27,104.18,104.55,104.18,104.52
2004-05-28,105.85,105.85,105.31,105.58
2004-05-31,105.04,105.15,105,105.13
2004-06-01,105.1,105.6,105.1,105.5
2004-06-02,105.4,105.4,105.11,105.18
2004-06-03,104.31,104.31,104.19,104.23
2004-06-04,103.85,104,103.7,103.87
2004-06-07,105,105.3,104.98,105.29
2004-06-08,105.2,105.39,105.15,105.18
2004-06-09,104.88,104.88,103.65,103.89
2004-06-10,103.2,103.68,103,103.67
2004-06-11,103.6,103.6,103.05,103.08
2004-06-14,103.06,103.1,102.3,102.33
2004-06-15,102.3,102.5,102.3,102.39
2004-06-16,104.3,104.3,103.4,103.62
2004-06-17,103.38,103.38,102.7,102.87
2004-06-18,103.45,103.45,103,103
2004-06-21,105,105,104.37,104.6
2004-06-22,104.85,104.85,104.45,104.49
2004-06-23,104.95,105.18,104.9,105.09
2004-06-24,104.8,104.85,104.8,104.82
2004-06-25,106.44,106.5,106.25,106.38
2004-06-28,106.5,106.5,106.28,106.29
2004-06-29,105.85,105.85,105.65,105.79
2004-06-30,104.45,104.8,104.45,104.71
2004-07-01,105.3,105.3,104.92,104.96
2004-07-02,105.3,105.42,105.15,105.2
2004-07-05,106,106.1,105.7,106
2004-07-06,107.8,107.8,105.7,106.18
2004-07-07,105.3,105.9,105.3,105.87
2004-07-08,106.2,106.29,106.11,106.15
2004-07-09,107.35,107.55,107.35,107.47
2004-07-12,107.8,108.1,107.8,108.01
2004-07-13,107.6,107.6,107.15,107.25
2004-07-14,107.1,107.5,107.1,107.49
2004-07-15,107.7,107.8,107.38,107.43
2004-07-16,107.6,107.6,107.4,107.41
2004-07-19,108.05,108.1,107.95,108.09
2004-07-20,107.9,108.1,107.9,108.08
2004-07-21,107.35,107.38,107.2,107.27
2004-07-22,106.35,106.8,106.25,106.67
2004-07-23,105.7,105.7,105.52,105.7
2004-07-26,104.95,105,104.7,104.85
2004-07-27,104.98,105,104.8,104.92
2004-07-28,104.05,104.05,104,104.03
2004-07-29,104.4,104.8,104.4,104.64
2004-07-30,104.1,104.3,104,104.16
2004-08-02,105.05,105.3,104.9,104.98
2004-08-03,104.9,104.9,104.5,104.5
2004-08-04,104.8,105,104.8,104.86
2004-08-05,104.9,105.2,104.9,105.18
2004-08-06,104.9,104.95,104.82,104.86
2004-08-09,105.75,106,105.75,105.95
2004-08-10,106.05,106.12,106,106
2004-08-11,105.6,105.8,105.6,105.8
2004-08-12,105.8,105.8,105.45,105.45
2004-08-13,105.1,105.2,105,105.13
2004-08-16,106.28,106.48,106.26,106.44
2004-08-17,107.25,107.25,106.8,106.95
2004-08-18,107.2,107.2,106.95,107.01
2004-08-19,107.08,107.3,107,107.3
2004-08-20,107.7,108.1,107.7,107.8
2004-08-23,108.55,108.6,108.5,108.55
2004-08-24,107.8,108,107.8,107.87
2004-08-25,107.49,107.6,107.03,107.44
2004-08-26,107.88,107.97,107.88,107.9
2004-08-27,107.95,108.3,107.9,108.15
2004-08-30,107.35,107.7,107.35,107.65
2004-08-31,107.71,108.36,107.68,108.23
2004-09-01,108.32,108.78,108.32,108.68
2004-09-02,108.6,108.65,108.55,108.59
2004-09-03,108.4,108.55,108.2,108.26
2004-09-06,107.5,107.6,107.35,107.55
2004-09-07,107.5,107.5,107.3,107.33
2004-09-08,106.6,106.6,106.55,106.58
2004-09-09,107,107.2,107,107.18
2004-09-10,107.3,107.3,107.12,107.14
2004-09-13,107.4,107.5,107.1,107.1
2004-09-14,108,108,107.45,107.7
2004-09-15,107.6,108,107.6,107.61
2004-09-16,107.8,107.8,107.4,107.71
2004-09-17,107.95,107.95,107.56,107.62
2004-09-20,107.85,107.9,107.6,107.81
2004-09-21,107.7,107.8,107.65,107.79
2004-09-22,108.4,108.5,108.29,108.49
2004-09-23,108.55,108.55,108.32,108.37
2004-09-24,108.7,108.75,108.7,108.74
2004-09-27,108.5,108.55,108.5,108.5
2004-09-28,108.7,108.9,108.47,108.84
2004-09-29,109.5,109.5,109.05,109.14
2004-09-30,108.9,108.9,108.65,108.68
2004-10-08,110.6,110.6,110,110.4
2004-10-11,111.15,111.5,111.15,111.36
2004-10-12,111.35,111.44,111.3,111.3
2004-10-13,111,111,110.2,110.23
2004-10-14,110.25,110.6,110.25,110.25
2004-10-15,111,111.2,110.9,110.94
2004-10-18,111,111.19,110.99,111
2004-10-19,110.58,110.65,110.5,110.57
2004-10-20,111.29,111.45,110.9,111.45
2004-10-21,112.4,112.65,112.4,112.55
2004-10-22,112.3,112.35,112.2,112.35
2004-10-25,113.3,113.35,113,113
2004-10-26,103.8,113.28,103.8,113
2004-10-27,113.02,113.02,112.8,113
2004-10-28,112.69,112.75,112.6,112.75
2004-10-29,113.1,113.25,113,113.2
2004-11-01,113.6,113.79,113.5,113.5
2004-11-02,113.3,113.45,112.9,113.27
2004-11-03,112.1,112.45,112.1,112.25
2004-11-04,113.3,114.05,113.3,113.95
2004-11-05,114.2,114.58,113.75,113.76
2004-11-08,114.9,115.3,114.8,114.85
2004-11-09,114.7,114.98,114.7,114.84
2004-11-10,115.2,115.6,115.2,115.6
2004-11-11,115.2,115.65,115.2,115.5
2004-11-12,116.08,116.2,115.5,115.57
2004-11-15,116.45,116.68,116.45,116.65
2004-11-16,116.3,116.38,116.05,116.09
2004-11-17,116.9,117.4,116.9,117
2004-11-18,118.3,118.4,118.2,118.31
2004-11-19,117.6,118,117.6,117.95
2004-11-22,118.76,118.85,118.3,118.63
2004-11-23,119.45,119.45,118.7,118.76
2004-11-24,119,119.4,118.9,119.4
2004-11-25,119.8,120,119.8,119.9
2004-11-26,120.5,121.14,120.5,120.78
2004-11-29,120.7,120.7,119.8,120
2004-11-30,120.35,120.6,120.3,120.5
2004-12-01,120.5,120.7,120.21,120.6
2004-12-02,121.45,121.7,121.35,121.4
2004-12-03,120.6,120.6,120,120.14
2004-12-06,121.25,121.25,120.81,120.82
2004-12-07,120.75,120.9,120.75,120.78
2004-12-08,120.2,120.2,119.45,119.5
2004-12-09,118,118,117.25,117.58
2004-12-10,116.5,116.6,116.35,116.41
2004-12-13,116.85,117,116.4,116.42
2004-12-14,117.15,117.7,117.15,117.55
2004-12-15,117,117.19,116.98,117.17
2004-12-16,118.1,119,118.1,118.9
2004-12-17,118.49,118.49,117.3,117.44
2004-12-20,118.3,118.3,117.5,117.5
2004-12-21,118,118.1,117.85,117.97
2004-12-22,117.85,117.94,117.78,117.9
2004-12-23,117.59,118.1,117.58,118.09
2004-12-24,118.1,118.3,118,118.05
2004-12-27,118.6,118.6,118.11,118.11
2004-12-28,118.7,118.7,118.32,118.36
2004-12-29,118.3,118.45,118.3,118.42
2004-12-30,118.45,118.45,116.76,116.81
2004-12-31,116.89,118.2,116.89,118.08
2005-01-04,115.1,115.1,114.8,114.87
2005-01-05,114.99,114.99,114.08,114.64
2005-01-06,114.5,114.5,114.36,114.39
2005-01-07,113.2,113.4,113.1,113.19
2005-01-10,113,113,112.66,112.7
2005-01-11,112.98,113.28,112.95,113
2005-01-12,113.3,113.51,113.19,113.29
2005-01-13,114.45,114.5,114.1,114.17
2005-01-14,114,114,113.6,113.67
2005-01-17,113.6,113.6,113.22,113.3
2005-01-18,113.28,113.45,113.19,113.42
2005-01-19,113.7,113.7,113.35,113.38
2005-01-20,113.54,113.57,113.17,113.25
2005-01-21,112.98,113.35,112.9,113.2
2005-01-24,114.55,114.55,114.15,114.2
2005-01-25,115,115,114,114
2005-01-26,112.8,113.24,112.8,113.16
2005-01-27,113.8,113.85,113.65,113.67
2005-01-28,113.85,113.9,113.56,113.56
2005-01-31,113.2,113.35,113.15,113.32
2005-02-01,113.45,113.45,113.05,113.13
2005-02-02,113,113,112.85,112.86
2005-02-03,112.84,112.95,112.75,112.82
2005-02-04,111.8,112,111.5,111.84
2005-02-16,113.2,113.25,113.02,113.04
2005-02-17,113.2,113.25,113.2,113.23
2005-02-18,113.42,113.88,113.38,113.8
2005-02-21,113.88,113.95,113.76,113.9
2005-02-22,113.98,114.8,113.96,114.76
2005-02-23,115.59,115.85,115.59,115.84
2005-02-24,116,116.2,115.94,115.94
2005-02-25,115.78,115.8,115.5,115.6
2005-02-28,116.4,116.75,116.4,116.45
2005-03-01,116.04,116.2,116.04,116.19
2005-03-02,115.5,115.66,115.42,115.64
2005-03-03,115.9,116.25,115.9,116.22
2005-03-04,115.58,116,115.58,115.88
2005-03-07,116.6,116.9,116.25,116.29
2005-03-08,116.6,116.9,116.6,116.68
2005-03-09,117.75,117.75,117.3,117.3
2005-03-10,117.8,117.93,117.7,117.79
2005-03-11,108.2,117.84,108.2,117.64
2005-03-14,118,118.1,117.9,117.94
2005-03-15,117.7,118,117.65,117.99
2005-03-16,118,118,117.5,117.78
2005-03-17,118.2,118.45,118.2,118.3
2005-03-18,117.5,117.8,117.4,117.73
2005-03-21,117.45,117.5,117.3,117.46
2005-03-22,116.98,116.98,116,116.55
2005-03-23,116.5,116.5,115.9,116.5
2005-03-24,115.65,116.6,115.65,116.54
2005-03-25,115.98,116.25,115.28,115.45
2005-03-28,115.4,115.4,115.1,115.12
2005-03-29,116,116,114.99,115.04
2005-03-30,115.15,115.15,114.45,114.45
2005-03-31,114.8,114.8,114.08,114.08
2005-04-01,114.3,114.85,114.3,114.8
2005-04-04,114.9,114.9,114.25,114.32
2005-04-05,113.89,113.89,113.5,113.61
2005-04-06,114.1,114.2,113.9,114.2
2005-04-07,114.4,114.68,114.32,114.66
2005-04-08,113.98,114.4,113.98,114.26
2005-04-11,114.68,114.68,114.45,114.59
2005-04-12,114.98,115.07,114.95,115.03
2005-04-13,114.8,114.95,114.75,114.8
2005-04-14,115.18,115.18,114.6,114.66
2005-04-15,114.41,114.41,113.2,113.79
2005-04-18,114,114,113.6,114
2005-04-19,114.39,114.55,114.39,114.47
2005-04-20,115.5,115.8,115.32,115.37
2005-04-21,116.2,116.48,115.3,115.49
2005-04-22,115.18,115.64,115.18,115.62
2005-04-25,115.49,115.6,115.49,115.54
2005-04-26,115.68,115.9,115.5,115.73
2005-04-27,116.8,116.8,115.59,115.6
2005-04-28,115.4,115.4,115.05,115.09
2005-04-29,115.15,115.6,114.9,115.2
2005-05-09,114.5,114.5,113.8,113.86
2005-05-10,114.19,114.21,114,114
2005-05-11,114.38,114.42,114.27,114.29
2005-05-12,113.7,114.19,113.7,113.86
2005-05-13,113.2,113.2,112.85,113.05
2005-05-16,112.5,112.5,112.18,112.18
2005-05-17,112.4,112.5,112.2,112.23
2005-05-18,112.4,112.4,112.25,112.39
2005-05-19,112.9,112.99,112.69,112.75
2005-05-20,113.1,113.1,112.45,112.46
2005-05-23,112.2,112.2,111.5,111.52
2005-05-24,111.5,111.7,111.48,111.66
2005-05-25,111.9,111.91,111.8,111.84
2005-05-26,112.09,112.09,111.75,111.85
2005-05-27,111.85,111.98,111.7,111.85
2005-05-30,111.88,111.88,111.61,111.61
2005-05-31,111.55,111.57,111.04,111.26
2005-06-01,111.3,111.43,111.25,111.25
2005-06-02,111.1,111.28,111.04,111.27
2005-06-03,112.45,112.58,112.35,112.35
2005-06-06,112.78,112.78,112.45,112.77
2005-06-07,113.25,113.32,113.2,113.29
2005-06-08,113.25,113.25,112.9,113
2005-06-09,112.7,112.9,112.7,112.75
2005-06-10,112.86,112.86,112.62,112.74
2005-06-13,112.9,113,112.79,112.87
2005-06-14,113.28,113.36,113.16,113.19
2005-06-15,113.4,113.4,113.16,113.2
2005-06-16,114,114,113.6,113.67
2005-06-17,115.24,115.3,115,115.1
2005-06-20,115.8,115.82,115.5,115.8
2005-06-21,115.6,115.6,114.8,114.88
2005-06-22,115.6,115.83,115.1,115.77
2005-06-23,115.65,115.84,115.54,115.64
2005-06-24,116,116.55,116,116.31
2005-06-27,116.15,116.19,116.02,116.09
2005-06-28,116,116.15,115.85,115.86
2005-06-29,115.5,115.51,114.9,114.95
2005-06-30,115.7,115.8,115.4,115.45
2005-07-01,114.81,115.45,114.81,115.38
2005-07-04,114.32,114.32,113.9,113.91
2005-07-05,113.75,113.84,113.71,113.72
2005-07-06,113.4,113.4,113.2,113.4
2005-07-07,113.5,113.68,113.45,113.63
2005-07-08,113.5,113.5,113.2,113.34
2005-07-11,113.5,113.55,113.3,113.54
2005-07-12,114.3,114.3,113.97,114
2005-07-13,114,114,113.78,113.83
2005-07-14,113.79,113.85,113.3,113.74
2005-07-15,113.5,113.5,112.35,112.49
2005-07-18,115.78,115.78,112.76,112.76
2005-07-19,112.85,112.85,112.37,112.38
2005-07-20,112.6,112.6,112.33,112.37
2005-07-21,112.8,113,112.73,112.97
2005-07-22,112.6,112.6,111.75,111.83
2005-07-25,111.88,111.88,111.35,111.49
2005-07-26,111.5,111.5,111.2,111.21
2005-07-27,111.1,111.1,110.5,110.53
2005-07-28,110.8,111.2,110.8,111.18
2005-07-29,111.98,111.98,111.65,111.67
2005-08-01,112.08,112.47,112.08,112.37
2005-08-02,113,113,112.5,112.53
2005-08-03,113,113,112.3,112.3
2005-08-04,113.5,113.5,113.14,113.15
2005-08-05,113.2,113.3,113.08,113.11
2005-08-08,113.3,113.3,113.1,113.15
2005-08-09,113.1,113.1,112.8,112.95
2005-08-10,113,113.1,112.99,113.1
2005-08-11,113.43,113.8,113.43,113.78
2005-08-12,115.66,115.66,114.8,115.05
2005-08-15,114.95,114.95,114.18,114.54
2005-08-16,114.35,114.39,114.2,114.35
2005-08-17,115,115,114.8,114.8
2005-08-18,114.1,114.18,113.98,114
2005-08-19,114,114.5,114,114.32
2005-08-22,114.1,114.2,113.76,114.15
2005-08-23,114.8,114.8,114.4,114.47
2005-08-24,114.45,114.47,114,114.01
2005-08-25,114.25,114.45,114.24,114.39
2005-08-26,114.4,114.55,114.35,114.37
2005-08-29,114.5,114.75,114.37,114.74
2005-08-30,114.7,114.7,113.9,114
2005-08-31,113.4,113.4,113.15,113.4
2005-09-01,113.8,113.9,113.6,113.72
2005-09-02,114.9,114.9,114.57,114.7
2005-09-05,115.2,115.55,115.05,115.4
2005-09-06,115.28,115.6,115,115.01
2005-09-07,115.39,115.58,114.88,115.56
2005-09-08,115.5,115.88,115.32,115.4
2005-09-09,116.08,116.18,115.7,115.99
2005-09-12,117,117.17,116.08,116.1
2005-09-13,116.19,116.3,115.8,115.86
2005-09-14,115.9,116,115.88,115.9
2005-09-15,116.2,116.53,116.2,116.35
2005-09-16,117.05,117.7,117.05,117.69
2005-09-19,118.5,118.5,117.7,118.09
2005-09-20,118.09,120.18,118.09,120.07
2005-09-21,119.7,120.6,119.7,120.6
2005-09-22,122,122.6,121.4,122.33
2005-09-23,121.3,121.3,120.6,120.83
2005-09-26,120.5,120.5,119.75,119.9
2005-09-27,121.1,121.1,120.65,120.75
2005-09-28,120.4,120.85,120.15,120.26
2005-09-29,121,122.75,121,121.8
2005-09-30,122.5,122.85,118.15,121.84
2005-10-10,122.65,123.3,122.5,123
2005-10-11,123,123.4,122.7,123.09
2005-10-12,123.2,123.99,123.2,123.68
2005-10-13,123,123.5,122.92,123.08
2005-10-14,123.23,123.23,122.65,122.69
2005-10-17,121.5,123,121.5,122.65
2005-10-18,123.57,123.57,122.73,123.06
2005-10-19,122.9,122.96,122.05,122.2
2005-10-20,121.1,121.2,120.82,121.11
2005-10-21,120.78,120.88,120.51,120.6
2005-10-24,121.3,121.4,120.6,120.6
2005-10-25,121.95,121.95,121,121.04
2005-10-26,122.6,122.85,122.48,122.82
2005-10-27,122.78,123,122.6,122.98
2005-10-28,123.28,123.3,122.6,122.71
2005-10-31,122.8,122.8,122.38,122.41
2005-11-01,121.5,121.68,121.35,121.38
2005-11-02,120.5,121,120.45,120.55
2005-11-03,121.28,121.29,120.93,121.24
2005-11-04,120.82,120.82,120.3,120.33
2005-11-07,119.6,119.62,119.4,119.6
2005-11-08,119.54,119.54,119.19,119.25
2005-11-09,119.38,120.66,119.38,120.6
2005-11-10,121.28,121.45,121.15,121.29
2005-11-11,121.4,121.5,121,121
2005-11-14,122,122.2,121.81,122.15
2005-11-15,121.8,121.8,121.51,121.51
2005-11-16,121.95,122.27,121.9,122.15
2005-11-17,124,124.5,123,123.25
2005-11-18,123.3,125.35,123.3,125.34
2005-11-21,125,125.85,125,125.82
2005-11-22,127.35,127.35,126.5,127.08
2005-11-23,127.25,127.3,127.05,127.28
2005-11-24,127.17,128,127.17,127.87
2005-11-25,128.5,128.5,127.8,128.46
2005-11-28,128.8,129.1,128.8,129
2005-11-29,129.4,130,129.4,129.5
2005-11-30,128.52,129,128.22,129
2005-12-01,128.3,128.9,128.28,128.85
2005-12-02,129.58,130.67,129.58,130.38
2005-12-05,131,132,131,131.99
2005-12-06,132,132.29,131.55,131.9
2005-12-07,131.8,133.99,131.8,133.39
2005-12-08,133.36,135.5,133.36,134.79
2005-12-09,135,136.5,135,136.3
2005-12-12,138,140,138,139.45
2005-12-13,140,140,135.9,136.19
2005-12-14,137,137,133.65,133.88
2005-12-15,134,134,131.1,131.65
2005-12-16,130.01,130.3,128.88,129.63
2005-12-19,132,132.8,125.66,132.38
2005-12-20,132.5,132.5,131.8,132
2005-12-21,131.5,131.5,128,128.61
2005-12-22,128.51,129.43,128.2,129.34
2005-12-23,131.4,131.5,131.2,131.23
2005-12-26,132,132.3,131.3,131.73
2005-12-27,131.73,132.45,131.73,132.21
2005-12-28,132,133.5,132,132.81
2005-12-29,133.45,134.5,133.45,134.17
2005-12-30,133.9,133.9,133.4,133.55
2006-01-04,138.2,138.65,138.2,138.21
2006-01-05,137.8,138.5,137.5,137.89
2006-01-06,138,138,136.25,136.81
2006-01-09,140.8,140.85,140.15,140.44
2006-01-10,139.5,141.8,139.5,140.94
2006-01-11,139.8,141.45,139.8,141.07
2006-01-12,141.88,142.15,141.35,141.85
2006-01-13,141.18,141.75,141.18,141.6
2006-01-16,143.8,144.15,143.58,143.65
2006-01-17,145.38,145.55,144.21,144.34
2006-01-18,143.5,143.5,141.1,141.99
2006-01-19,142,143.39,142,143.16
2006-01-20,143.8,144.45,143.8,143.86
2006-01-23,143.9,144.35,143.85,144.05
2006-01-24,144.7,144.8,143.9,144
2006-01-25,144.15,144.15,143.9,143.95
2006-02-06,148,148.08,147.7,147.8
2006-02-07,147.68,147.9,147.3,147.82
2006-02-08,146,146,142.5,142.55
2006-02-09,145,145,144.2,144.59
2006-02-10,144.7,146.1,144.7,145.19
2006-02-13,143,143,141.59,141.91
2006-02-14,141.9,141.9,139,139.62
2006-02-15,140.5,142,140.2,141.85
2006-02-16,141.3,142,139.7,142
2006-02-17,139.9,141.5,139.31,141.44
2006-02-20,142.98,143.75,142.98,143.68
2006-02-21,144,144.3,143.38,143.5
2006-02-22,143.3,143.9,143.2,143.61
2006-02-23,142.1,143.8,142.1,143.15
2006-02-24,142.5,143.28,142.15,143.28
2006-02-27,144.1,144.1,143.7,143.76
2006-02-28,143,143.6,143,143.44
2006-03-01,144,145,143.8,144.77
2006-03-02,145.1,145.6,145,145.55
2006-03-03,145.9,147,145.4,146.69
2006-03-06,146.7,146.92,146.26,146.8
2006-03-07,146.5,146.5,144.2,144.85
2006-03-08,144,144,143.1,143.22
2006-03-09,142,142,140.6,141.85
2006-03-10,141.8,142,141.55,141.75
2006-03-13,141.74,141.74,141.25,141.45
2006-03-14,141.45,141.9,141.1,141.65
2006-03-15,142,142.85,142,142.62
2006-03-16,143,143.3,142.2,142.52
2006-03-17,143.5,143.5,143.03,143.45
2006-03-20,143.5,144,143.5,144
2006-03-21,143.2,143.2,141.1,142.95
2006-03-22,141.58,142.95,141.58,142.8
2006-03-23,143.3,143.3,141.75,141.87
2006-03-24,142.1,142.2,141.93,142.05
2006-03-27,144,144.8,143.91,144.77
2006-03-28,145.75,145.84,145.2,145.7
2006-03-29,145.78,145.78,144.65,144.98
2006-03-30,145.1,147.8,145.1,147.79
2006-03-31,148,151,148,150.4
2006-04-03,150,150.7,150,150.39
2006-04-04,151.3,151.6,151,151.1
2006-04-05,151.18,151.5,150.1,150.4
2006-04-06,151,152.8,150,152.59
2006-04-07,152.85,154,152.6,153.13
2006-04-10,153.88,153.88,152.8,153.3
2006-04-11,154,155.5,153.15,155.05
2006-04-12,155.05,155.05,153.96,154.15
2006-04-13,154,154.5,153.45,153.55
2006-04-14,153.6,154.78,153.2,154.74
2006-04-17,156.3,156.55,155.7,156.32
2006-04-18,158,159.3,158,158.77
2006-04-19,158.5,160.8,158.5,160.69
2006-04-20,160.7,165.8,160.7,165.69
2006-04-21,164,164,157.8,159.36
2006-04-24,163.8,163.99,162.4,162.74
2006-04-25,161.51,162.45,160.65,162
2006-04-26,163,163.5,163,163
2006-04-27,163.5,164.8,163.5,164.4
2006-04-28,165,165.2,163.99,164.39
2006-05-08,175.8,175.99,175.36,175.67
2006-05-09,174.5,175.4,173,174.19
2006-05-10,177.5,181.21,177.5,181.15
2006-05-11,180,183.7,180,183.24
2006-05-12,186.2,186.5,185,185.53
2006-05-15,186.51,186.51,184.3,184.45
2006-05-16,179.2,180,174.9,175.15
2006-05-17,176,181.9,176,181.8
2006-05-18,182,182,176.1,177.4
2006-05-19,172.2,178.13,172.2,177.37
2006-05-22,169.5,169.5,165.35,166.67
2006-05-23,167.5,170.7,167.5,170
2006-05-24,172.99,172.99,172,172.27
2006-05-25,169.5,169.5,166.8,167.69
2006-05-26,167.6,169.8,167.6,168.49
2006-05-29,168.3,168.7,167.7,167.81
2006-05-30,168,169,168,168.83
2006-05-31,170.5,170.78,168.5,168.83
2006-06-01,169,169,163.3,163.67
2006-06-02,159.3,163.31,159.3,162.03
2006-06-05,165,165.9,164.7,165.39
2006-06-06,164.15,164.45,164.07,164.2
2006-06-07,164.19,164.19,161.5,161.5
2006-06-08,162,162,160.3,160.32
2006-06-09,159,159,157.1,157.41
2006-06-12,157.49,157.49,155.6,155.67
2006-06-13,158.5,158.5,152,152.9
2006-06-14,150,151.8,142.5,144.94
2006-06-15,147,147.8,144.5,147.7
2006-06-16,147.7,158,147.3,150.69
2006-06-19,148,148.5,147,147.69
2006-06-20,145.61,147.99,145.6,146.1
2006-06-21,150,150,148.58,149.25
2006-06-22,149,153.5,149,153.15
2006-06-23,151.11,151.97,150.3,150.3
2006-06-26,150.8,151.5,150.8,151.35
2006-06-27,151.36,152.21,151.36,151.69
2006-06-28,150.1,151,149.9,150
2006-06-29,150,151,149.6,149.69
2006-06-30,150.8,155,150.8,154.02
2006-07-03,158.51,159.28,158.5,159.19
2006-07-04,160.5,160.6,158.85,159.72
2006-07-05,160,161.9,160,160.5
2006-07-06,161.8,161.8,160,160.72
2006-07-07,161.1,162.49,161,162.3
2006-07-10,162.2,162.3,161.3,161.69
2006-07-11,160.8,162.2,160.5,160.9
2006-07-12,162.1,164.8,162.1,164.39
2006-07-13,167.5,167.5,160.52,166.85
2006-07-14,168,169.85,165.5,169.05
2006-07-17,173,173.6,172.74,173.55
2006-07-18,167.2,168.4,167,167.61
2006-07-19,166.65,166.65,160.81,161.37
2006-07-20,161.5,165.99,161.5,164.53
2006-07-21,161.4,161.5,160.4,161.26
2006-07-24,158.5,159.3,157.99,158.96
2006-07-25,157,160.8,155.5,160.57
2006-07-26,158.5,159.99,157.8,159.73
2006-07-27,159.8,162.4,159.8,161.85
2006-07-28,163,163,161.5,162.51
2006-07-31,162.8,163.85,162.8,163.1
2006-08-01,162,163.3,162,162.77
2006-08-02,164,166.4,163.4,166.09
2006-08-03,167.35,167.6,166.2,166.45
2006-08-04,165.15,166.29,164.8,165.45
2006-08-07,166.66,166.8,166.35,166.8
2006-08-08,166.6,166.78,165.7,165.82
2006-08-09,166.5,166.5,163.8,164.61
2006-08-10,165.5,167.3,165.5,167.3
2006-08-11,165,166.51,164.65,164.88
2006-08-14,163,163,161.01,162.04
2006-08-15,161.9,162,161.2,161.53
2006-08-16,161,162,160.7,161.32
2006-08-17,162.2,162.45,161.86,162.4
2006-08-18,159,159,158,158.08
2006-08-21,158.8,160,158.8,160
2006-08-22,161,162.99,161,161.04
2006-08-23,160.55,160.68,160.02,160.15
2006-08-24,160.01,160.2,159.8,159.97
2006-08-25,160.1,160.36,159.7,160.35
2006-08-28,160,160.08,159.76,159.78
2006-08-29,159.7,159.7,158,158.26
2006-08-30,156.4,158.63,156.4,157.79
2006-08-31,159,159.5,159,159.15
2006-09-01,160.5,160.8,160.4,160.48
2006-09-04,160.8,161,160.5,160.57
2006-09-05,161,161.2,160.2,161.17
2006-09-06,163.79,163.79,162.4,162.4
2006-09-07,163.79,163.79,161.5,162.7
2006-09-08,160,160,158.5,158.71
2006-09-11,158.95,158.95,152.2,152.69
2006-09-12,152.4,153.25,150,153.01
2006-09-13,153.2,153.2,149.2,150
2006-09-14,150.6,152.5,150.6,151.99
2006-09-15,151.5,151.5,147.7,148.88
2006-09-18,149.7,150.1,149.3,149.36
2006-09-19,150.2,150.6,150.1,150.1
2006-09-20,150.8,150.8,147.45,148.4
2006-09-21,147.8,148.8,147.8,148.57
2006-09-22,148.5,150.48,148.5,149.79
2006-09-25,150.25,150.45,150,150.38
2006-09-26,150,151.3,150,150.5
2006-09-27,151,151.5,150.6,151.4
2006-09-28,151.7,153.05,151.5,152.85
2006-09-29,153,153.93,152.95,153.51
2006-10-09,148.2,148.3,147.6,148.06
2006-10-10,148.1,148.5,147.36,148.03
2006-10-11,145.5,146.5,145.5,146.09
2006-10-12,146.8,147.19,146.6,147.07
2006-10-13,146.6,147.78,146.6,147.54
2006-10-16,150.5,150.5,150.25,150.38
2006-10-17,151.1,151.8,151,151.3
2006-10-18,151.2,151.2,150.3,150.41
2006-10-19,150,150.7,150,150.09
2006-10-20,151.1,153,151.1,152.75
2006-10-23,150.98,150.98,150.31,150.34
2006-10-24,148.5,148.5,147.7,148
2006-10-25,146.7,149.1,146.7,148.45
2006-10-26,150.79,150.8,150.5,150.74
2006-10-27,151,151.25,150.25,150.27
2006-10-30,151.95,152.7,151.95,152.18
2006-10-31,152.2,153.2,152.1,152.1
2006-11-01,152,154.1,152,153.47
2006-11-02,154.96,155.8,154.8,155.29
2006-11-03,156,157.45,156,157.42
2006-11-06,158.55,158.9,158.5,158.68
2006-11-07,158.8,159,157,158.25
2006-11-08,159,159.24,158.5,158.54
2006-11-09,158.6,158.6,156.3,156.75
2006-11-10,158.5,160.06,158.5,159.87
2006-11-13,159.5,159.85,159.43,159.44
2006-11-14,157.3,158.99,157.3,157.97
2006-11-15,158.9,158.9,157.6,158.1
2006-11-16,157.8,158.55,157.8,158.3
2006-11-17,159.8,159.8,156.6,156.88
2006-11-20,158,158.05,157.6,157.87
2006-11-21,158.99,158.99,158,158
2006-11-22,158.78,159.2,158.6,159
2006-11-23,159.7,160,158.98,158.99
2006-11-24,159.45,159.7,159.35,159.45
2006-11-27,161.97,161.98,161,161
2006-11-28,161,161.5,161,161.5
2006-11-29,161.2,161.5,160.6,161.4
2006-11-30,160.8,161,160.6,160.9
2006-12-01,162.2,163,162.2,162.76
2006-12-04,163.15,163.15,162.8,163.11
2006-12-05,162.9,163.04,162.5,162.5
2006-12-06,161.8,161.8,160.9,161.1
2006-12-07,160.7,160.7,158.5,158.97
2006-12-08,159.5,159.88,158.5,159.68
2006-12-11,157.4,158.5,157.4,158.36
2006-12-12,158,159.4,158,159.29
2006-12-13,158.5,159.18,158.5,158.69
2006-12-14,158.8,158.89,158.35,158.57
2006-12-15,158,161,157.9,160.11
2006-12-18,159.5,160,155.5,156.04
2006-12-19,160,160,155.67,155.73
2006-12-20,158.9,158.9,155.7,156.79
2006-12-21,156.99,156.99,155,155
2006-12-22,156.2,156.5,156,156.42
2006-12-25,156.45,156.7,156.3,156.59
2006-12-26,156.8,158,156.8,157.9
2006-12-27,158,158,157.2,157.38
2006-12-28,158.5,158.5,157.69,157.72
2006-12-29,158.6,159.45,158.6,159.34
2007-01-04,158.8,158.8,158.3,158.58
2007-01-05,158.89,158.89,156.9,156.94
2007-01-08,153.4,155,153.15,153.72
2007-01-09,154.7,154.7,154.08,154.45
2007-01-10,153.7,154.4,151,154.34
2007-01-11,154.09,154.44,153,153.86
2007-01-12,154.8,155,153.7,154.23
2007-01-15,156.89,157,156.7,156.92
2007-01-16,157.5,157.5,156.79,156.8
2007-01-17,157.75,157.75,156.41,156.48
2007-01-18,156,158.5,155,157.8
2007-01-19,158,158.5,157.1,157.48
2007-01-22,159,159,158.6,158.66
2007-01-23,158.85,159.2,158.5,158.82
2007-01-24,160,161.4,159.85,160.41
2007-01-25,160.9,161.65,160.1,161.28
2007-01-26,162.2,162.5,161.1,161.31
2007-01-29,161.49,161.6,161.25,161.51
2007-01-30,160.5,161.2,160.5,160.69
2007-01-31,161.1,162,161,161.22
2007-02-01,161.4,163.3,160.88,162.65
2007-02-02,163.2,164,163.2,163.31
2007-02-05,162.49,162.49,161.46,161.65
2007-02-06,162.2,162.2,161.8,162.19
2007-02-07,163.19,163.5,162.9,163.48
2007-02-08,162.8,162.8,162,162.58
2007-02-09,163.55,164.45,163.55,164.03
2007-02-12,166,166,165.41,165.56
2007-02-13,165,165.5,164.85,165.17
2007-02-14,166.3,166.4,165.9,166.14
2007-02-15,166.95,166.95,166,166.59
2007-02-16,166,166.4,163.9,166.21
2007-02-26,170.5,170.85,170.35,170.7
2007-02-27,171.35,171.35,170.21,170.3
2007-02-28,169.8,169.8,167,167.25
2007-03-01,167.2,168.5,166,167.9
2007-03-02,166.8,166.8,164.5,164.81
2007-03-05,160.05,160.49,159.56,159.6
2007-03-06,159.3,161.5,159,161.19
2007-03-07,161.2,161.3,160,160.8
2007-03-08,161.3,163.15,161.3,163.1
2007-03-09,162.33,163.15,162.33,163
2007-03-12,161.5,163,161.5,162.77
2007-03-13,163.28,163.28,161,162.28
2007-03-14,162.1,162.1,159.6,160.28
2007-03-15,161.18,161.5,159.5,161.09
2007-03-16,161.8,162.66,161.2,161.72
2007-03-19,163.5,163.51,163,163.44
2007-03-20,162.5,163.6,162.5,163.02
2007-03-21,164,164.19,163.95,164.09
2007-03-22,165,165.19,164.9,165.15
2007-03-23,165.28,165.3,164.5,164.5
2007-03-26,164.25,164.5,164.1,164.15
2007-03-27,164.5,165.55,164.5,165.22
2007-03-28,165.2,165.7,165.2,165.5
2007-03-29,166.15,166.15,165.25,165.27
2007-03-30,164.5,165.4,164,165.36
2007-04-02,165.5,165.6,165.18,165.27
2007-04-03,165.3,165.55,165.25,165.39
2007-04-04,165.2,166.5,165.2,166.45
2007-04-05,166.5,167.5,166.5,167.19
2007-04-06,167.4,167.7,167.4,167.5
2007-04-09,167.2,167.2,166.7,166.98
2007-04-10,166.8,168.15,166.8,168.12
2007-04-11,169,169,168.15,168.38
2007-04-12,168.65,169,168.35,168.84
2007-04-13,168.6,169,167.8,168.29
2007-04-16,170.07,170.79,170,170.32
2007-04-17,171,171.3,170,170.82
2007-04-18,170.8,171.9,170.8,171.79
2007-04-19,171.31,171.85,170,170.08
2007-04-20,169.6,171.15,169.6,170.57
2007-04-23,172.3,172.3,171.5,171.72
2007-04-24,171.6,171.85,171,171.85
2007-04-25,170.6,170.85,170.2,170.61
2007-04-26,170.21,171.5,170.1,170.63
2007-04-27,170,170,167.2,167.63
2007-04-30,168.7,169.19,168.2,168.23
2007-05-08,171.98,171.98,169.98,170.03
2007-05-09,169.5,170.3,169.5,170.09
2007-05-10,170.09,170.09,168.11,168.51
2007-05-11,167.4,167.4,165.52,165.79
2007-05-14,166.3,166.9,166.3,166.4
2007-05-15,166.4,166.78,165.5,166
2007-05-16,165.65,166.81,165.5,166.6
2007-05-17,165.5,166.5,164.43,164.45
2007-05-18,162.9,163.8,162.01,162.66
2007-05-21,163.8,163.9,163.56,163.58
2007-05-22,162.5,164,162.1,163.74
2007-05-23,163.5,163.5,162.85,162.87
2007-05-24,163.5,163.7,163,163.14
2007-05-25,162.8,162.8,161.4,161.41
2007-05-28,161.41,162.7,161.35,161.79
2007-05-29,161.81,161.93,161.7,161.82
2007-05-30,162.85,162.85,161.5,161.55
2007-05-31,162,162.2,161.75,162.16
2007-06-01,162.5,163.5,162.2,163.25
2007-06-04,164.5,164.95,163.42,164.87
2007-06-05,165.3,165.75,165.01,165.4
2007-06-06,165,165.4,164.8,165.03
2007-06-07,164,166,164,165.03
2007-06-08,165,165,162.38,162.39
2007-06-11,161.15,161.22,160.5,161.13
2007-06-12,161.2,161.4,160.6,160.82
2007-06-13,160.3,160.3,158.88,159
2007-06-14,159.6,160.48,159.6,160.2
2007-06-15,160.9,160.9,160.1,160.18
2007-06-18,161.5,161.9,161.35,161.9
2007-06-19,162,162,160.01,161.35
2007-06-20,161.9,162.3,161.8,162
2007-06-21,162.75,162.75,160.5,161.13
2007-06-22,161,161.2,160,160.46
2007-06-25,160.6,160.68,159.9,160.13
2007-06-26,160,160.46,159.6,159.76
2007-06-27,159.7,159.7,157.2,157.27
2007-06-28,157.98,158.5,157.6,158.46
2007-06-29,158.5,159.3,158.5,158.8
2007-07-02,158.85,159.6,158.85,159.3
2007-07-03,160.4,161.05,160.3,161.03
2007-07-04,160.98,160.98,160,160.29
2007-07-05,160.3,160.45,160.18,160.33
2007-07-06,160,160.33,158.8,158.83
2007-07-09,160.2,160.5,160.2,160.32
2007-07-10,161.68,162,160.79,161.07
2007-07-11,161.5,162.51,161.5,162.19
2007-07-12,162.2,162.2,161.28,161.36
2007-07-13,162.25,162.5,162,162.09
2007-07-16,162.48,162.77,162.3,162.32
2007-07-17,162.98,162.98,162,162.24
2007-07-18,162.7,162.99,162.2,162.75
2007-07-19,162.95,163.9,162.8,163.58
2007-07-20,164.5,164.7,164,164.58
2007-07-23,166.18,166.18,165.75,165.79
2007-07-24,166.5,166.5,165.5,165.86
2007-07-25,167,167,164.8,164.92
2007-07-26,165,165,163.5,164.56
2007-07-27,163.2,164.8,161.58,161.63
2007-07-30,162,162,161.25,161.79
2007-07-31,161.66,162.6,161.6,162.21
2007-08-01,162.5,162.5,160.9,160.97
2007-08-02,161.5,162.3,161.5,161.94
2007-08-03,162.79,162.79,162,162.27
2007-08-06,164,164,163.5,163.65
2007-08-07,164.18,164.18,163,163.05
2007-08-08,163,163.7,162.5,163.3
2007-08-09,164.5,164.5,163.8,163.9
2007-08-10,163.5,163.5,161.8,162.1
2007-08-13,163.5,163.5,163.2,163.29
2007-08-14,163.6,163.8,163.25,163.33
2007-08-15,163.8,163.8,162.71,162.74
2007-08-16,163.5,163.5,162.65,162.72
2007-08-17,163.1,163.1,159,159.59
2007-08-20,160.59,161,160.2,160.96
2007-08-21,163.2,163.2,160.5,161.01
2007-08-22,161.5,161.5,160.55,161.1
2007-08-23,161.4,162,161.35,161.95
2007-08-24,162.4,162.5,160.88,161.1
2007-08-27,162.7,162.7,162.4,162.42
2007-08-28,162.5,162.63,162.1,162.27
2007-08-29,162,162.4,161.45,161.8
2007-08-30,162.79,162.79,161.65,161.68
2007-08-31,162.5,162.65,161.56,162.03
2007-09-03,163.59,163.75,163,163.25
2007-09-04,163.75,163.75,163.18,163.5
2007-09-05,163.75,165.38,163.58,164.98
2007-09-06,165.6,165.88,164.6,165.8
2007-09-07,166.3,168.5,166,167.82
2007-09-10,168.8,170.3,168.8,170.03
2007-09-11,171,171.5,169.2,170.18
2007-09-12,171,172.99,170.2,172.16
2007-09-13,172.5,172.6,171.25,171.26
2007-09-14,171.05,172,170.75,170.89
2007-09-17,172.5,172.5,171.73,172.18
2007-09-18,173.2,173.6,172.5,173.42
2007-09-19,173.6,175.48,173,175.31
2007-09-20,175,175.8,174.91,175.48
2007-09-21,176,178.4,176,178.12
2007-09-24,179,179,177.1,177.94
2007-09-25,179,179,175.77,176.28
2007-09-26,177.4,177.8,176.22,177.8
2007-09-27,177.8,178,176.3,176.71
2007-09-28,176.6,178.4,176.6,178.2
2007-10-08,179.49,179.49,178.4,178.42
2007-10-09,178,178.1,176.78,177.64
2007-10-10,178.6,179.18,177.3,178.8
2007-10-11,180.88,180.88,179.22,179.7
2007-10-12,179.5,181.5,179.5,180.5
2007-10-15,182.3,182.88,181.45,182.8
2007-10-16,183.1,186.6,183.1,185.32
2007-10-17,185.68,185.8,180.9,183
2007-10-18,184,184.79,183,184
2007-10-19,184.5,186.35,184.1,185.85
2007-10-22,185.8,185.8,183.7,183.91
2007-10-23,183.2,183.8,182,183.54
2007-10-24,184,184.2,182.6,182.61
2007-10-25,183,184.8,182.7,183.98
2007-10-26,185,189,184.5,186.99
2007-10-29,190,190.75,189.82,190.02
2007-10-30,189.5,190.26,188.03,188.78
2007-10-31,188.53,189.5,188.2,188.68
2007-11-01,188.68,191.38,188.68,190.82
2007-11-02,190.6,190.6,189.7,189.97
2007-11-05,193,193.3,192.5,193.14
2007-11-06,193.1,195.4,193,195.29
2007-11-07,197,200.8,197,199.96
2007-11-08,202.9,202.9,199.1,199.43
2007-11-09,200,201.3,199.5,199.95
2007-11-12,199.95,200,194.59,195.6
2007-11-13,194.01,195,191.4,193.93
2007-11-14,191.5,194.49,191.5,193.13
2007-11-15,194.8,196.1,193.5,195.27
2007-11-16,193,193,189.15,190.69
2007-11-19,189.01,190.7,189,189.69
2007-11-20,190,190,186.1,189.4
2007-11-21,191,196.2,189.8,193.6
2007-11-22,193,193.6,192,192.5
2007-11-23,192.2,193.8,192.1,193.62
2007-11-26,197.8,197.8,196.1,196.75
2007-11-27,197,197.8,196.22,196.44
2007-11-28,194,194.98,192.2,193.2
2007-11-29,191,193,191,192
2007-11-30,192.8,192.8,189.9,190.23
2007-12-03,190,190,187.8,188.81
2007-12-04,187,190,186.9,189.7
2007-12-05,191.8,192.24,190.03,191.93
2007-12-06,190,191.9,189.4,189.89
2007-12-07,188.01,191.48,188.01,190.64
2007-12-10,189,190.54,189,190.24
2007-12-11,192,192.36,191.2,192.31
2007-12-12,192.4,192.78,190.9,191.25
2007-12-13,192.25,192.7,191.5,192
2007-12-14,191.8,192,189,190.5
2007-12-17,190,190.45,188.75,189.1
2007-12-18,189.9,189.9,188.5,189.42
2007-12-19,190.5,191.55,190.2,191.11
2007-12-20,191.11,191.11,190,190
2007-12-21,190.8,191,189.4,190.5
2007-12-24,191.8,192.2,191.11,192.16
2007-12-25,192.99,192.99,191.4,192.27
2007-12-26,192.3,193.1,191.9,193.04
2007-12-27,193,194.5,192.5,193.8
2007-12-28,194.55,195.7,194.5,195.03
2008-01-02,195.03,196.95,195.03,196.46
2008-01-03,197.6,201,197.6,200.8
2008-01-04,203,203,200,202.5
2008-01-07,201.2,201.2,200.21,200.26
2008-01-08,201,204.05,200.8,203.9
2008-01-09,205.1,209.14,204.1,208.83
2008-01-10,208.5,208.5,205,205.6
2008-01-11,205,209.1,204.1,208.4
2008-01-14,209.98,211.2,209.79,211.18
2008-01-15,212,212.79,211.2,212.34
2008-01-16,212,212.6,206.21,206.72
2008-01-17,208.48,208.48,205,206.98
2008-01-18,208,208,204.35,205.25
2008-01-21,205.98,206.9,205.5,205.76
2008-01-22,205,205,200,200.4
2008-01-23,200.4,207.78,200.4,207.33
2008-01-24,206,208.8,204.9,207.25
2008-01-25,209.25,211.86,208.55,211.85
2008-01-28,211.78,213.15,211.78,213.09
2008-01-29,213,215.1,212.3,214.3
2008-01-30,214,214.88,213.7,214
2008-01-31,214,214.7,212.5,213.98
2008-02-01,214.7,214.7,212.6,213.98
2008-02-04,212.7,214,210.05,210.11
2008-02-05,208.88,210,208,208.97
2008-02-13,211.48,214.5,208.2,208.2
2008-02-14,209,210.9,209,210.87
2008-02-15,210.7,211,209,210.45
2008-02-18,212,213,209.25,209.33
2008-02-19,209,210.38,208.99,210.16
2008-02-20,211.5,214.1,211.5,213.35
2008-02-21,213.35,216.8,211.7,216.49
2008-02-22,216.5,218.15,216.38,217.18
2008-02-25,216.8,218.1,216.8,217.89
2008-02-26,218,218.79,214.5,214.8
2008-02-27,214.7,219.9,214.7,219.8
2008-02-28,219.8,220.5,218.4,218.49
2008-02-29,220.39,222.3,219.5,221.35
2008-03-03,224,224.97,223,224.89
2008-03-04,224.99,225.8,224.2,224.51
2008-03-05,226.03,226.03,220.9,220.9
2008-03-06,220,226.4,220,225.73
2008-03-07,225,225.8,223,225
2008-03-10,225,225,222.5,224.01
2008-03-11,222,223.58,221.01,222.38
2008-03-12,224.68,224.75,222.41,223
2008-03-13,224.3,225.2,223.58,225.2
2008-03-14,226.5,227.86,226.5,226.9
2008-03-17,232.38,234.3,231.5,233.59
2008-03-18,233.2,233.2,227.2,228.78
2008-03-19,232.38,232.38,224,226
2008-03-20,223.01,223.01,208,213.65
2008-03-21,210,212,207,209.95
2008-03-24,207.5,209.6,206.78,206.9
2008-03-25,209.5,210.49,208.5,210.34
2008-03-26,211.1,213.6,210.8,212.21
2008-03-27,213,215.89,213,214.64
2008-03-28,214.5,214.5,212.5,213.31
2008-03-31,213.31,213.31,209.95,212
2008-04-01,212.9,212.9,204.91,205
2008-04-02,202.5,203,197.6,200.99
2008-04-03,199,205.5,199,203.39
2008-04-07,207,207,205,205.75
2008-04-08,206.5,209,206.3,207.15
2008-04-09,205.08,206.5,204.51,204.86
2008-04-10,205.2,210.2,205.2,208.99
2008-04-11,209.5,210.5,207.1,208.09
2008-04-14,206.18,207.5,205.85,207.3
2008-04-15,208,210.2,207.6,210.19
2008-04-16,210.2,210.2,208.45,209
2008-04-17,212.3,213,211.8,212.47
2008-04-18,212.5,212.6,211.45,212.34
2008-04-21,208,208.1,206.9,207.29
2008-04-22,208,208,205.9,206.02
2008-04-23,207.2,207.49,206.3,206.75
2008-04-24,206.68,206.68,202.4,203.71
2008-04-25,203,203,200,200.32
2008-04-28,201.5,203.3,201.2,202.02
2008-04-29,202.06,202.06,199.9,200
2008-04-30,198.4,199.5,196.8,198.13
2008-05-05,197.35,197.35,194.62,194.98
2008-05-06,196.8,197.5,195.5,196.8
2008-05-07,197,198.3,196.3,196.46
2008-05-08,196,196,194.7,194.91
2008-05-09,197,199.21,196.35,199
2008-05-12,199.5,200.1,198,198
2008-05-13,198.28,199.1,197.1,197.34
2008-05-14,197,197,194.8,195.3
2008-05-15,195.3,196.58,194.61,195.7
2008-05-16,196.56,199.2,196.55,198.3
2008-05-19,202.98,203.9,202.5,203.4
2008-05-20,203.4,204,202.01,203.71
2008-05-21,203,206.3,203,205.64
2008-05-22,205.5,208.9,204.2,208.06
2008-05-23,206.13,206.5,204.6,205.59
2008-05-26,207.78,207.78,206.55,206.79
2008-05-27,206.79,207.4,206,206.69
2008-05-28,204.1,204.1,202.5,203.07
2008-05-29,201,202,200,200.3
2008-05-30,198.5,198.5,195.68,195.79
2008-06-02,199.8,199.8,196.2,197.64
2008-06-03,199.99,200.9,198,199.6
2008-06-04,198.9,198.9,195.81,196.1
2008-06-05,196.85,197.28,195.9,196.79
2008-06-06,195.88,197.5,195,196.65
2008-06-10,199,199,197.4,197.49
2008-06-11,197.5,197.5,194,195.26
2008-06-12,195.26,196.28,193.4,193.8
2008-06-13,193.4,194.15,192,193.8
2008-06-16,194.5,194.5,193.2,193.62
2008-06-17,196.1,197.29,195.38,196.34
2008-06-18,195.2,196.5,195.18,196.39
2008-06-19,196.8,197.6,196,197.26
2008-06-20,197.2,200,197.2,199.3
2008-06-23,201.5,201.5,199.61,199.93
2008-06-24,197.9,197.9,195.18,195.95
2008-06-25,196,196.95,195.85,196.15
2008-06-26,196.6,196.6,194.47,196.29
2008-06-27,197.2,201.5,197.2,201.5
2008-06-30,204,204.6,203.85,204.59
2008-07-01,203.5,204.45,202.69,204.19
2008-07-02,204.98,207.6,204.98,207.59
2008-07-03,206.25,208.18,206,207.98
2008-07-04,205.72,206.6,205.2,206.22
2008-07-07,206.5,206.5,203.25,203.3
2008-07-08,203.3,205.15,202.58,205.13
2008-07-09,205.15,205.15,202.4,203.32
2008-07-10,204.25,205,203.5,204.29
2008-07-11,205,207.5,205,207.42
2008-07-14,214,214,211,211.29
2008-07-15,208,213.3,208,213.09
2008-07-16,213.3,215.5,212.01,213.03
2008-07-17,214,214,210.5,211.27
2008-07-18,210.3,213,210.01,211.49
2008-07-21,211.48,211.6,210.7,211.1
2008-07-22,211.19,213.1,210.6,213.01
2008-07-23,212.2,213.8,206.5,206.79
2008-07-24,206.13,208.2,201.95,203.9
2008-07-25,203.33,205.49,203,204.9
2008-07-28,205,205,203.2,204.43
2008-07-29,204.9,205.2,203.45,204.87
2008-07-30,204,204,201.5,201.61
2008-07-31,200.35,201.78,197.99,201
2008-08-01,202.38,203.8,200.5,200.7
2008-08-04,202,202.19,200.6,201.6
2008-08-05,201,201.88,195.6,196.4
2008-08-06,196.4,196.5,194.2,195.8
2008-08-07,195.8,197,194,195.58
2008-08-08,194.9,194.9,191.5,191.5
2008-08-11,193,193,189.8,189.88
2008-08-12,190.28,190.28,177.9,180
2008-08-13,182,182.9,179,182.84
2008-08-14,182,184.5,180,184.26
2008-08-15,182,182.3,174.9,175.5
2008-08-18,178,178.6,176.6,178.06
2008-08-19,178.06,178.06,174,174
2008-08-20,175,180.95,174.5,179.99
2008-08-21,179.25,181.18,177,180.94
2008-08-22,183.22,184.99,182.4,184.04
2008-08-25,182,182,179.6,181.19
2008-08-26,181.03,182.28,180.6,180.88
2008-08-27,180,183.2,180,182.58
2008-08-28,183.4,183.8,181.75,183.78
2008-08-29,185,185.2,182.28,183.98
2008-09-01,183.98,183.98,182.5,183.8
2008-09-02,182.6,182.6,177.7,178.28
2008-09-03,175.03,179,175.03,176.3
2008-09-04,177.19,178.78,176.38,178.71
2008-09-05,179,179,175.3,176.9
2008-09-08,178.7,180.6,178.7,179.89
2008-09-09,179,179.5,176.01,176.59
2008-09-10,175,175.2,169.6,171.68
2008-09-11,172.3,172.95,166.69,167.36
2008-09-12,168,168,163.16,167.87
2008-09-16,172,172,170.5,171.45
2008-09-17,172,174,171,173.99
2008-09-18,173.99,196,173.1,191.19
2008-09-19,191,197.5,185,185.07
2008-09-22,190,191.3,186,191.29
2008-09-23,193,199,191.5,193.98
2008-09-24,195.6,197.5,193,194.4
2008-09-25,197.8,197.98,193.78,195.7
2008-09-26,195.7,195.98,190.07,192.75
2008-10-06,183,184.35,182.8,183.18
2008-10-07,188,192.2,188,191.3
2008-10-08,194.5,197.3,191,196.28
2008-10-09,200,201,194.1,194.31
2008-10-10,195,203,193.55,202.39
2008-10-13,197.5,197.5,188.8,189.67
2008-10-14,189.67,189.67,183,186.79
2008-10-15,186,187.4,185.05,186.97
2008-10-16,185.7,187.5,183.88,184.25
2008-10-17,184.25,184.51,175.38,179.04
2008-10-20,179,179,175.98,178.49
2008-10-21,178.49,178.49,174.5,175
2008-10-22,173,173,169,169
2008-10-23,169,170.4,160.5,162.9
2008-10-24,162,163.2,157.5,160.81
2008-10-27,164.5,165.5,161,162.87
2008-10-28,163,167.2,161.8,167.03
2008-10-29,167,168,163.8,167.56
2008-10-30,167.56,171.28,167.56,171.06
2008-10-31,171.06,171.06,162,164
2008-11-03,163,165.8,163,165.8
2008-11-04,168,168,162.7,164.82
2008-11-05,167.99,169.29,165,167.5
2008-11-06,169,169,165.5,165.51
2008-11-07,167.5,167.74,163.8,165.52
2008-11-10,168.33,168.5,166,167.9
2008-11-11,169,169.48,166.71,167.18
2008-11-12,165.5,166.45,164.2,165.64
2008-11-13,165.64,165.64,160,161.79
2008-11-14,162.6,165,161.26,164.44
2008-11-17,165,166.3,165,166
2008-11-18,166,166.48,163.2,165.43
2008-11-19,165,165.9,164.91,165.6
2008-11-20,165.44,167.5,164.5,166
2008-11-21,167.47,167.7,165.5,167.66
2008-11-24,175,176.5,173.5,173.5
2008-11-25,179.68,181.2,178,178.49
2008-11-26,180,181.4,177,178.8
2008-11-27,178.8,180.2,178.2,178.8
2008-11-28,178.5,179.5,178.5,179.01
2008-12-01,178.6,179,177.71,178.39
2008-12-02,177.48,177.48,170.1,170.76
2008-12-03,174,174.1,171.8,173.54
2008-12-04,173.54,173.54,170.61,171.56
2008-12-05,171,173.2,171,173.12
2008-12-08,172.99,172.99,169.85,172.3
2008-12-09,172.7,173.98,172.5,173.61
2008-12-10,173.5,175.15,172.35,175
2008-12-11,175.5,180.65,175.4,180.53
2008-12-12,183.26,183.9,178.3,178.49
2008-12-15,180.1,182.98,180.1,182.01
2008-12-16,182.01,184.5,181.2,183.8
2008-12-17,183.99,186.5,183.5,186
2008-12-18,186.11,189.2,186,188.83
2008-12-19,190.6,191,185.81,187.15
2008-12-22,186,186.98,185.11,186.01
2008-12-23,186.5,187.3,185.7,187.17
2008-12-24,187.1,187.1,185.21,185.3
2008-12-25,184.8,187.2,184.62,186.6
2008-12-26,186.9,187.25,186,187.2
2008-12-29,190.5,195,190.5,194.8
2008-12-30,193.5,194.38,192.03,192.69
2008-12-31,190.5,192.35,190,190.65
2009-01-05,193,193,191.25,192.02
2009-01-06,189,189,186.5,187.67
2009-01-07,186.57,190.45,186.1,189.77
2009-01-08,190,190.6,186.2,187.5
2009-01-09,187.5,189.85,186.11,189.69
2009-01-12,188.79,188.96,187.8,188.59
2009-01-13,186.9,186.9,181.8,181.81
2009-01-14,182.7,183.79,181.22,182.99
2009-01-15,182.51,182.51,179.8,180.33
2009-01-16,180.8,182.7,179.8,182.47
2009-01-19,184.2,185.6,184.2,185.2
2009-01-20,184.02,184.8,182.9,182.95
2009-01-21,187,189.5,186,187.57
2009-01-22,188.8,188.98,186.7,187.8
2009-01-23,187,189.3,186.6,188.49
2009-02-02,200.8,202.4,198.9,199.75
2009-02-03,199,200.8,197.8,198.09
2009-02-04,198,199.6,196.8,197.53
2009-02-05,197,199.7,196.8,199
2009-02-06,200.99,202,200,201.2
2009-02-09,199,199.76,198.65,198.87
2009-02-10,199,199,196.5,196.96
2009-02-11,198.7,200.8,198.5,200.72
2009-02-12,202.52,207,201.6,206.58
2009-02-13,207,208,205.55,206.8
2009-02-16,206,206.5,205.5,206.49
2009-02-17,206.8,211.5,206,211.1
2009-02-18,212,214.1,210.62,213.65
2009-02-19,213.6,215.7,211.2,214.22
2009-02-20,215,215.8,213.6,214.99
2009-02-23,218,218,216.6,216.62
2009-02-24,216.56,218.5,215.3,217.15
2009-02-25,218,218.47,209.9,210.4
2009-02-26,210.1,214.6,208.05,209.89
2009-02-27,206.65,208.18,205.67,207.51
2009-03-02,208.1,209.99,208.1,209.98
2009-03-03,209.35,209.5,203.4,203.42
2009-03-04,203.5,205,200.88,201.48
2009-03-05,201,203.5,200.9,201.43
2009-03-06,201.8,207.6,200.8,207.3
2009-03-09,207,207,205.4,205.59
2009-03-10,206,206.69,201,201.8
2009-03-11,201.01,201.5,196.81,198.04
2009-03-12,198.8,201.6,197,201.56
2009-03-13,200,204,200,203.37
2009-03-16,203.37,204.69,203.37,203.99
2009-03-17,204.41,204.41,201.27,202.5
2009-03-18,202.5,202.5,200.1,200.4
2009-03-19,200,205.1,195.3,204.85
2009-03-20,208,210.5,207.01,210
2009-03-23,210,210.34,208.54,210.32
2009-03-24,208.01,209.99,206.41,206.49
2009-03-25,203.5,204.5,202.2,204.09
2009-03-26,203.5,206.3,202.78,205.47
2009-03-27,206.8,207.5,204.9,204.91
2009-03-30,204.91,204.91,202.8,203.69
2009-03-31,201.26,204.99,201.26,202.56
2009-04-01,203,203.3,200.7,202.1
2009-04-02,203.7,204,202,202.88
2009-04-03,202.5,202.5,197.2,199.7
2009-04-07,194,194.1,192.7,193.99
2009-04-08,193.99,196,193.3,195.66
2009-04-09,195.66,195.66,193.98,194.58
2009-04-10,194,194.8,193.4,194.75
2009-04-13,195,196.1,194.8,196.05
2009-04-14,197.5,198,196.8,197.59
2009-04-15,196.7,196.7,195.7,196.2
2009-04-16,196.68,196.99,195.8,196.59
2009-04-17,196.59,196.59,192.5,192.66
2009-04-20,191,192,191,191.91
2009-04-21,193.2,196.5,192.6,196.03
2009-04-22,196.4,196.4,194.01,195.42
2009-04-23,195.5,196.65,194.9,196.37
2009-04-24,196.8,200.4,196.03,200.29
2009-04-27,201.69,201.7,200,200
2009-04-28,200,200,197,197.2
2009-04-29,196,197.38,195.6,197.12
2009-04-30,197.01,198,196.8,197.75
2009-05-04,195.21,196.75,195.21,196.7
2009-05-05,196.85,199,196.3,198.3
2009-05-06,200,200.1,197.4,198.4
2009-05-07,198.55,200.49,198.55,200.1
2009-05-08,201.11,201.34,200,200.53
2009-05-11,200.5,201.3,200.5,200.85
2009-05-12,200.03,200.99,200.02,200.67
2009-05-13,200.8,203.6,200.8,203.11
2009-05-14,202.1,203.6,202.1,202.19
2009-05-15,202.25,203.59,202.25,203.18
2009-05-18,204,204.7,203.88,204.62
2009-05-19,204.5,204.5,202.19,202.46
2009-05-20,202.11,203.8,202.1,203.74
2009-05-21,203.5,207,203.5,207
2009-05-22,206.5,209.2,205.6,208.61
2009-05-25,209.5,210,209.01,209.05
2009-05-26,208.01,209.75,208.01,209.23
2009-05-27,208.03,209,207.81,208.69
2009-06-01,214,216,213,215.68
2009-06-02,214.8,215.55,212.8,213
2009-06-03,215.48,216.88,214.53,216.4
2009-06-04,214.99,214.99,212.1,213
2009-06-05,214.2,215.59,213.02,215.5
2009-06-08,210.61,211.5,209.5,209.5
2009-06-09,209,210.2,207.8,209.69
2009-06-10,211,211.3,209.82,210.95
2009-06-11,211.6,211.6,209,209.93
2009-06-12,208.99,210.9,208.23,209.39
2009-06-15,206.7,207.2,205.6,205.89
2009-06-16,207.2,207.2,205,206.29
2009-06-17,206.5,206.5,205.4,206.48
2009-06-18,206.48,206.98,204.96,206.78
2009-06-19,207,207,205.6,205.8
2009-06-22,206.05,206.05,205.6,205.69
2009-06-23,204.13,204.13,201.75,203.03
2009-06-24,203.18,204.25,202.3,204.21
2009-06-25,204.84,206.18,204.84,205.9
2009-06-26,206,207.83,205.82,207.81
2009-06-29,207.3,207.3,205.82,206.25
2009-06-30,206.5,207.8,206,207.41
2009-07-01,207,207,204.01,205.16
2009-07-02,206.7,207,206,206.47
2009-07-03,205.55,206,205,205.75
2009-07-06,205.2,205.2,203.8,203.8
2009-07-07,204.45,204.49,203.3,203.36
2009-07-08,204,204,202.6,203.68
2009-07-09,203,203,199.99,201.3
2009-07-10,201.2,202,200.8,201
2009-07-13,201,201.77,200.56,200.68
2009-07-14,201.5,202.89,200.6,202.76
2009-07-15,203,204.39,203,204.14
2009-07-16,204.8,206.9,204.8,206.19
2009-07-17,205.5,206.2,205.21,205.91
2009-07-20,206.21,207.85,206.21,207.75
2009-07-21,208.5,209.66,208,208.2
2009-07-22,208.58,209.5,207.99,208.08
2009-07-23,208,209.5,207.61,209.41
2009-07-24,209,210,208.3,208.55
2009-07-27,208.6,210.29,208.6,210.06
2009-07-28,210.2,210.2,209.2,209.86
2009-07-29,209,209.2,205.4,205.81
2009-07-30,206,206,204,205.02
2009-07-31,205,206.9,205,206.26
2009-08-03,208.5,209.65,208.5,209.4
2009-08-04,210.5,211.01,209.5,209.89
2009-08-05,210,212.49,209.95,212.02
2009-08-06,212,212.21,210.8,211.95
2009-08-07,212.8,213,211,211.2
2009-08-10,210,210.59,209.69,210.01
2009-08-11,209.01,209.01,208,209
2009-08-12,208.4,208.9,207.6,207.91
2009-08-13,207.9,210.5,207.9,210.45
2009-08-14,210.88,210.98,210,210.15
2009-08-17,208.4,208.4,207.45,207.97
2009-08-18,207.3,207.6,205.6,207.39
2009-08-19,206.98,207.7,206,206.6
2009-08-20,206.5,208.6,206.15,208.29
2009-08-21,207.9,207.9,206.9,207.31
2009-08-24,209.99,210.1,209.01,210.03
2009-08-25,209.5,210,207.6,208.19
2009-08-26,208.5,209.35,208.1,208.75
2009-08-27,209,209,207.4,208.6
2009-08-28,208,209.4,207.65,209.17
2009-08-31,210.5,210.51,209.4,209.85
2009-09-01,209,210.4,208.5,210.22
2009-09-02,210.2,210.4,209,210.39
2009-09-03,211.8,215.5,211.25,215.44
2009-09-04,215.9,218.3,215.01,217.34
2009-09-07,217.85,218.4,217.63,218.4
2009-09-08,218,220.65,218,220.27
2009-09-09,220.27,221.2,218.66,219.53
2009-09-10,219,220,218.05,218.44
2009-09-11,217.05,220.49,217.01,219.7
2009-09-14,219.94,220.44,219,219.2
2009-09-15,219.01,220.19,219.01,220
2009-09-16,218.75,223.6,218.7,223.41
2009-09-17,223.7,225.1,223,224.01
2009-09-18,223.02,224,222.2,222.69
2009-09-21,220.65,221.2,219.8,220.16
2009-09-22,220.16,222.2,219.16,222.16
2009-09-23,223,223.5,222.6,222.87
2009-09-24,222.6,223.2,221.3,222.78
2009-09-25,223.5,224,218.61,218.86
2009-09-28,219.3,219.3,217.28,217.43
2009-09-29,217.8,218.6,217.66,218.33
2009-09-30,218,219.8,217.3,219.71
2009-10-09,231,231,228.5,229
2009-10-12,229,230.12,229,229.92
2009-10-13,230,231.85,230,231.3
2009-10-14,233,234.6,231.8,234.3
2009-10-15,234.29,234.29,231.8,231.97
2009-10-16,232,232.5,230.2,230.6
2009-10-19,231,232,230.6,232
2009-10-20,231.1,234.5,230.8,234.39
2009-10-21,231,233.75,231,233
2009-10-22,231,233.6,231,232.45
2009-10-23,232.85,233.6,231.85,233
2009-10-26,231.8,232.39,231.6,231.99
2009-10-27,232.8,232.8,229.19,229.29
2009-10-28,229.35,229.4,227.6,229.06
2009-10-29,227.1,228.55,226.8,227
2009-10-30,228,230.65,228,230.45
2009-11-02,229.5,230.35,229.45,229.9
2009-11-03,232,233.88,230,233.24
2009-11-04,233,237.94,232.16,237.8
2009-11-05,239,240,238.25,238.44
2009-11-06,239,239.48,238.22,239.4
2009-11-09,241.3,242.88,238.5,242.76
2009-11-10,242.35,243.18,240.8,241.54
2009-11-11,243,243.8,241.5,243.49
2009-11-12,242.88,246.4,242.88,246.34
2009-11-13,244.99,245,242.3,243
2009-11-16,246,248.1,246,248.08
2009-11-17,248,250,247.5,249.39
2009-11-18,250,250.4,248,250.28
2009-11-19,251.88,252.58,250.8,251.43
2009-11-20,250,252.2,249,251.95
2009-11-23,254.5,256.2,254.5,256.15
2009-11-24,255.85,257.5,255.15,255.5
2009-11-25,257,259.3,255.6,259.22
2009-11-26,259.94,263,259,260.6
2009-11-27,260.03,262.29,255.5,255.59
2009-11-30,258.29,259.25,256.7,258.25
2009-12-01,258,260,256.65,259.98
2009-12-02,261.97,266.8,261.4,265.77
2009-12-03,266,269.25,265,267.7
2009-12-04,268,268.45,264,265.89
2009-12-07,258,258,253.3,254.5
2009-12-08,252,257.25,250.75,255.9
2009-12-09,255,255,247.99,249.08
2009-12-10,251,251.99,246.3,248.59
2009-12-11,247.85,251,247.5,251
2009-12-14,245.01,248.4,245.01,248.21
2009-12-15,247.35,248.76,246.8,247.5
2009-12-16,247,248.48,245.3,248
2009-12-17,249.09,251,248.18,248.95
2009-12-18,251,251,243.5,244.73
2009-12-21,245.25,246.1,245.25,246
2009-12-22,246.5,246.7,241.2,241.5
2009-12-23,239.5,240.99,237.5,239.74
2009-12-24,240,243.9,239,243.54
2009-12-25,242.6,245.15,241.7,245.03
2009-12-28,244.5,245.59,244.4,244.5
2009-12-29,245.3,245.88,242.6,243.28
2009-12-30,244.73,244.73,240.88,241.36
2009-12-31,243.66,244.5,239.51,244.5
2010-01-04,242,244,241.9,243.89
2010-01-05,246.3,249.5,245,249.35
2010-01-06,249.1,249.1,246.8,246.87
2010-01-07,248.5,250.37,247,250.34
2010-01-08,249.5,249.9,247.5,248.08
2010-01-11,254.7,254.7,253.32,254.31
2010-01-12,254.9,255.29,253.5,255.16
2010-01-13,254,254.5,248.5,249.84
2010-01-14,254,254,248.2,252
2010-01-15,251.6,251.98,249.9,251.84
2010-01-18,250,251.78,249,251.58
2010-01-19,252.5,252.5,250.4,252.35
2010-01-20,252.35,252.59,249.55,251
2010-01-21,251,251,247,247.5
2010-01-22,247.5,247.5,242.8,244.27
2010-01-25,247,247,243,244.8
2010-01-26,247,247,243.58,243.84
2010-01-27,245,245,241.5,242.91
2010-01-28,243.99,243.99,239.3,241
2010-01-29,243.49,243.49,239.5,239.7
2010-02-01,239.39,239.89,238.35,239.61
2010-02-02,240.8,244.29,240,244.1
2010-02-03,245.5,246.82,244.3,246.78
2010-02-04,247.56,247.56,243.8,243.8
2010-02-05,244.99,244.99,234.68,235.31
2010-02-08,235,235.99,234.86,235.6
2010-02-09,237.04,237.04,234.71,236.55
2010-02-10,236.55,237.79,236.36,237.47
2010-02-11,237.7,237.9,234,237.49
2010-02-12,237.88,239.9,237,239.73
2010-02-22,247.65,247.99,246.01,246.59
2010-02-23,247.8,247.8,244.2,245.29
2010-02-24,246,246,242.16,242.5
2010-02-25,241,242.4,240.05,240.55
2010-02-26,240.95,244,239.88,243.54
2010-03-01,245.2,245.75,244.9,245.35
2010-03-02,245,245.66,244,245.09
2010-03-03,245.6,249,245.6,249
2010-03-04,250.86,250.86,248.7,248.9
2010-03-05,250.2,250.21,247.22,248.78
2010-03-08,249.28,249.7,248.85,249.7
2010-03-09,249.4,249.64,245.55,245.58
2010-03-10,245.8,247.6,244,246.94
2010-03-11,247.5,247.5,243,243.72
2010-03-12,245.49,245.56,242.5,244.94
2010-03-15,243.6,243.8,242.7,243.64
2010-03-16,244,245.35,242.4,245.15
2010-03-17,246.3,248.8,246.3,248.3
2010-03-18,249,249,246.4,246.87
2010-03-19,247.8,247.8,246.31,247.29
2010-03-22,247.29,247.29,243.8,244.2
2010-03-23,244.1,244.1,241.7,243.37
2010-03-24,243.5,244.2,242.16,243.5
2010-03-25,243.5,243.5,240.99,242.02
2010-03-26,242,243.46,241.43,243.2
2010-03-29,244.5,244.8,243.6,244.77
2010-03-30,246,246,244.45,244.97
2010-03-31,244.97,244.97,243,244.57
2010-04-01,246,246,245,245.48
2010-04-02,246,247.8,246,246.87
2010-04-06,248,248.1,247.5,247.53
2010-04-07,247.4,249.8,247.4,249.8
2010-04-08,250.1,252.3,250,251.4
2010-04-09,253.41,253.9,251.62,253.87
2010-04-12,254.4,261,254.4,255.69
2010-04-13,257,257,253,253.39
2010-04-14,254.5,254.5,251.81,253.65
2010-04-15,254.5,254.9,253.41,253.5
2010-04-16,255,255,253.35,253.39
2010-04-19,251.88,251.88,248.85,248.85
2010-04-20,250,250.78,248.5,250.59
2010-04-21,251.8,251.8,250.1,251.45
2010-04-22,253,253,251,252.42
2010-04-23,254,254,249.6,251
2010-04-26,253.8,254.55,253.8,254.3
2010-04-27,255.2,255.2,253,253.49
2010-04-28,254,255.89,252.5,255.15
2010-04-29,255.8,257.07,255.16,256.24
2010-04-30,256.24,257.78,255.5,257.26
2010-05-04,258.68,259.5,258.1,258.13
2010-05-05,260.99,260.99,256.03,256.88
2010-05-06,257.6,258.1,254.5,257.64
2010-05-07,258.8,263.93,258.2,263.63
2010-05-10,263.99,264.6,262.77,263.09
2010-05-11,263.09,265.36,262.29,265.2
2010-05-12,269,270.8,266,270.63
2010-05-13,271.55,273.3,270.6,271.8
2010-05-14,274,274,270,271.54
2010-05-17,273,273,271.4,271.83
2010-05-18,272,272,266.66,266.79
2010-05-19,269.2,269.2,265.9,266.7
2010-05-20,266.99,266.99,260,261.24
2010-05-21,261.24,262,257,259.8
2010-05-24,262.89,262.89,260.01,261.89
2010-05-25,261.89,262.89,261.01,261.29
2010-05-26,263.5,265.2,262.4,265.2
2010-05-27,266.5,267.4,265.61,266.06
2010-05-28,267,267,265.3,266.64
2010-05-31,266.98,266.98,265.9,266.01
2010-06-01,267.7,268.5,266.34,267.69
2010-06-02,270.9,270.9,268.5,268.5
2010-06-03,269,269,267,268.87
2010-06-04,267.5,268.15,264.2,264.66
2010-06-07,267,267.99,266.9,267.21
2010-06-08,268,272.54,266.4,272.28
2010-06-09,274,274,271.35,271.35
2010-06-10,272.3,272.3,269.37,269.62
2010-06-11,270.5,270.5,267.8,268.92
2010-06-17,273,273,270.7,271.3
2010-06-18,274,274,272.5,272.97
2010-06-21,276.99,276.99,274.56,276.09
2010-06-22,276.09,276.09,270.8,271.54
2010-06-23,272,272.3,271.3,272.3
2010-06-24,273,273,269.5,270.14
2010-06-25,272,272.87,270.1,272.19
2010-06-28,275,275,273.68,273.93
2010-06-29,275,275.05,269.99,270
2010-06-30,272.33,272.33,268.55,271.44
2010-07-01,269.2,272,269.2,270.52
2010-07-02,271.19,271.19,262.96,263.82
2010-07-05,272.5,272.5,264,264.71
2010-07-06,265,265,262.95,263.86
2010-07-07,263.9,263.9,259.2,260.13
2010-07-08,261.5,263.6,260.5,263.18
2010-07-09,263.5,263.5,260,261.83
2010-07-12,263.61,263.9,263.3,263.3
2010-07-13,263.2,263.8,261.2,261.88
2010-07-14,264.18,265.01,264,264.54
2010-07-15,264.54,265.18,263.1,264.03
2010-07-16,264.5,264.8,263,263.6
2010-07-19,263.6,263.6,260.48,260.65
2010-07-20,259.9,260,258.2,259
2010-07-21,260,261,259,260
2010-07-22,260.99,261,258.8,259.02
2010-07-23,260.5,261.8,259.5,261.73
2010-07-26,261.73,261.73,260.51,261.2
2010-07-27,261.85,261.85,258.99,259.5
2010-07-28,260,260,255.1,255.8
2010-07-29,257.4,257.4,254.25,255.8
2010-07-30,257.4,257.4,254.8,255.8
2010-08-02,256.9,258.65,256.9,258.39
2010-08-03,258.64,259.8,258,258.59
2010-08-04,259.8,260.9,258.5,260.63
2010-08-05,262,262,260.6,260.78
2010-08-06,262.7,262.7,260,261.31
2010-08-09,263,263.55,262.38,263.5
2010-08-10,263.5,263.5,261.7,261.78
2010-08-11,261.78,262.87,260.49,261.82
2010-08-12,263.8,263.8,261.05,262.62
2010-08-13,263.45,265.98,263.45,265.9
2010-08-16,265.65,267,265.61,266.86
2010-08-17,267.4,268,267,268
2010-08-18,268,268,266.8,266.8
2010-08-19,267.2,269,265.92,268.79
2010-08-20,269.5,269.6,268.6,268.82
2010-08-23,270,270,268.39,269.25
2010-08-24,269.9,269.9,267.17,267.52
2010-08-25,267.52,269.88,266,269.67
2010-08-26,270,271.9,270,271.82
2010-08-27,271,271.1,270,270.01
2010-08-30,271,271,270.06,270.96
2010-08-31,271,271.04,269.51,270.63
2010-09-01,272.45,274.03,272,273.97
2010-09-02,275,275,272.8,273.28
2010-09-03,274,274.1,273.5,273.9
2010-09-06,273.5,273.75,273.02,273.7
2010-09-07,275,275,273.1,273.44
2010-09-08,275,275.6,274,275.57
2010-09-09,275.57,275.57,274,274.14
2010-09-10,275,275,271.7,272.3
2010-09-13,275,275,271.71,272.39
2010-09-14,273,273,271.1,273
2010-09-15,275,276.17,273.65,276
2010-09-16,276,276.2,275.05,275.2
2010-09-17,277,277.7,275.88,277.55
2010-09-20,278.1,278.1,277,277.51
2010-09-21,282,282,276.4,276.42
2010-09-27,280,280.5,279,280.39
2010-09-28,280.5,282.5,278,278.22
2010-09-29,279,282.1,278.5,281.95
2010-09-30,282.5,282.5,281.56,282.1
2010-10-08,287,287,285,285.8
2010-10-11,290.99,290.99,289.12,289.99
2010-10-12,290,290.6,288.5,289.86
2010-10-13,291,291.8,289,291.7
2010-10-14,292.5,296.25,291.4,295.99
2010-10-15,296,296,293.83,295.06
2010-10-18,295.06,295.06,290.55,290.99
2010-10-19,293,294.1,292.5,292.62
2010-10-20,292.62,292.62,286,287.59
2010-10-21,291.3,291.3,286.25,287.65
2010-10-22,289,289,283.8,283.95
2010-10-25,289,289.35,287,289.13
2010-10-26,291.5,291.5,287.49,287.9
2010-10-27,288.9,288.9,286.25,287.13
2010-10-28,287.8,287.8,286.2,286.43
2010-10-29,288,289.4,287.3,289.2
2010-11-01,292,293.78,292,293.07
2010-11-02,293.99,293.99,292,292.38
2010-11-03,293.8,293.8,291.4,291.99
2010-11-04,292.99,292.99,287.5,292.59
2010-11-05,292.99,298.3,292.99,297.39
2010-11-08,302.45,303,298.6,298.89
2010-11-09,299.8,304,299.1,303.62
2010-11-10,306,306,300,300.78
2010-11-11,300,302.3,298.2,302.16
2010-11-12,302.48,302.79,297.2,298.99
2010-11-15,298,298,293.68,295.2
2010-11-16,296.2,296.2,293.05,293.76
2010-11-17,294.8,294.8,288.3,289
2010-11-18,290.5,292.1,289,292.09
2010-11-19,292.6,293,291,292.4
2010-11-22,295,295,292,293.53
2010-11-23,294,294.6,291.7,294.57
2010-11-24,294.57,296.85,293,296.5
2010-11-25,297.8,297.8,295,295.58
2010-11-26,297,297,294.44,294.85
2010-11-29,295,295,292.5,294.7
2010-11-30,295.3,295.3,293.4,295.08
2010-12-01,297.2,299.9,295.5,299.6
2010-12-02,301.5,301.5,298.33,299.99
2010-12-03,300.45,300.45,294,298.99
2010-12-06,304,304,302.7,303.09
2010-12-07,304,304.5,302.65,304.33
2010-12-08,306,306,298,298.69
2010-12-09,299,300,296,298.52
2010-12-10,298.8,299.48,297.01,299.37
2010-12-13,299.37,299.5,297.8,299.5
2010-12-14,300.5,301.8,299.46,301
2010-12-15,302,302,298.62,298.83
2010-12-16,300,300,297.29,298.19
2010-12-17,299,299,295.3,296.81
2010-12-20,299,299.6,298,299.55
2010-12-21,299.6,299.6,297.88,298.8
2010-12-22,299.8,300,297.61,298.89
2010-12-23,299.9,299.9,297.86,298.07
2010-12-24,298.9,298.9,295.8,298.39
2010-12-27,299,299,296.01,298.49
2010-12-28,299,299.37,298,299
2010-12-29,299.95,301.3,299.2,301.07
2010-12-30,301.5,302.28,300,301.5
2010-12-31,303,303,300,301.8
2011-01-04,303.9,303.9,301.71,302.5
2011-01-05,302.5,302.5,296.43,297.68
2011-01-06,298.5,298.6,294.2,298.57
2011-01-07,298.57,298.57,295.85,296.89
2011-01-10,297.45,298.7,297,298.53
2011-01-11,299,299.8,297,299.79
2011-01-12,300.5,301.01,299.2,299.22
2011-01-13,299.4,299.8,297.8,297.8
2011-01-14,299.5,299.5,295.7,295.79
2011-01-17,295.79,295.79,293.1,293.39
2011-01-18,295,296.5,293.3,296.46
2011-01-19,296.5,296.85,295.6,295.99
2011-01-20,296.8,296.8,293.9,293.91
2011-01-21,293.5,293.5,290.5,291.01
2011-01-24,291.5,291.99,291,291.22
2011-01-25,295,295,287.1,287.3
2011-01-26,287.99,288.3,285.86,288.2
2011-01-27,289.8,289.8,285.5,287.35
2011-01-28,287,287.3,281.2,282.58
2011-01-31,287.2,289.4,285.25,285.7
2011-02-01,286,286,283.8,285.95
2011-02-09,290.99,290.99,289.02,290
2011-02-10,290.9,291.1,289.71,289.71
2011-02-11,288.7,290.5,288.12,290.28
2011-02-14,290.75,292.97,289.25,290.29
2011-02-15,290.28,291.4,289.7,290.95
2011-02-16,292.9,292.98,291.8,292.83
2011-02-17,293,293.48,291.6,293.4
2011-02-18,294.5,294.55,293,294.1
2011-02-21,295.8,297.8,295.8,296.49
2011-02-22,297.5,298.13,295,296.86
2011-02-23,297.91,297.91,296.3,297.3
2011-02-24,297.95,299.12,297.1,299.05
2011-02-25,299.85,300,297.5,298.32
2011-02-28,299.5,299.7,299.2,299.6
2011-03-01,300,300,298.68,299.79
2011-03-02,300.6,302.35,300,302.27
2011-03-03,303,303.5,300.5,301.7
2011-03-04,300.5,302.6,299.5,299.72
2011-03-07,303,304.18,302.6,304.05
2011-03-08,305.5,305.5,301.9,302.02
2011-03-09,304.82,304.82,301.4,302.05
2011-03-10,302.8,303.35,302,303.3
2011-03-11,303,303,298.6,300.95
2011-03-14,304,304,301.2,302.68
2011-03-15,303,303,300.2,300.44
2011-03-16,299.18,299.18,294.6,298.5
2011-03-17,299.9,299.9,296.5,297.6
2011-03-18,298.7,301.2,297.7,300.84
2011-03-21,302.98,303.65,302.98,303.15
2011-03-22,304.4,304.4,302.6,302.8
2011-03-23,302.8,303,301.56,302.8
2011-03-24,303.8,304.32,302.75,304.3
2011-03-25,304.4,305.34,302.58,303.98
2011-03-28,305.6,305.6,300.2,300.39
2011-03-29,300.5,301.14,299.5,300.83
2011-03-30,300.6,301.8,300.25,301.74
2011-03-31,302.5,302.5,300,302.16
2011-04-01,302.18,303.28,302.18,303.04
2011-04-06,306.5,306.55,304,306.47
2011-04-07,307,307.5,306.4,306.54
2011-04-08,308,309.2,306.6,309.2
2011-04-11,309.2,311.5,309.2,310.55
2011-04-12,310.55,310.55,307,307.5
2011-04-13,308.6,308.9,306,307.95
2011-04-14,308.6,308.6,307.15,308.54
2011-04-15,308.54,310.7,307.95,310.22
2011-04-18,312,312.15,311.5,312
2011-04-19,312.7,313.65,312,313.6
2011-04-20,314,315.54,312.17,315.39
2011-04-21,316.9,316.9,315.1,315.8
2011-04-22,318,318,315,317.48
2011-04-25,319.2,319.2,317.55,318.9
2011-04-26,320,320,314.9,316.07
2011-04-27,317.5,317.5,314.28,315.74
2011-04-28,317.45,320.4,315.8,320.17
2011-04-29,320.2,321.45,319.5,320.17
2011-05-03,316.2,323.9,316,322
2011-05-04,322,322.8,320,321.67
2011-05-05,322.5,322.5,316.2,318.12
2011-05-06,317.01,317.51,311,311.39
2011-05-09,315,315.35,313.2,314.92
2011-05-10,316.49,316.6,314.75,316
2011-05-11,316.5,318.88,315.4,318.29
2011-05-12,318,318,312,312.53
2011-05-13,313,317,312.1,317
2011-05-16,317,317,312.7,314.02
2011-05-17,314.85,315.2,313.4,314
2011-05-18,314,314,310.6,313.35
2011-05-19,314.5,314.5,312.5,313.7
2011-05-20,314,314.19,312.1,314.12
2011-05-23,316.5,316.5,315.3,315.5
2011-05-24,316.5,318.1,315.81,318.05
2011-05-25,318.05,319.2,318.05,318.89
2011-05-26,318.5,320.05,318.5,319.59
2011-05-27,319.9,319.9,317.79,319.39
2011-05-30,321,321.25,320.25,320.29
2011-05-31,321,321.1,320.01,320.64
2011-06-01,321.9,321.9,319.2,319.48
2011-06-02,321.5,321.55,319.5,321.38
2011-06-03,321.79,321.79,318.1,319.77
2011-06-07,321.87,322.25,321.75,322.03
2011-06-08,323,323,321,321
2011-06-09,322.5,322.5,319.99,320.71
2011-06-10,321.1,322.47,320.7,321.73
2011-06-13,323.5,323.5,319.95,320
2011-06-14,321.9,321.9,317,317.96
2011-06-15,317.01,319.2,316.8,318.5
2011-06-16,319.2,319.99,318,319.34
2011-06-17,320.5,320.5,318.5,318.7
2011-06-20,321.3,321.3,320.45,320.67
2011-06-21,321,322,320.6,321.33
2011-06-22,321.5,322.2,321.05,321.78
2011-06-23,322.5,323.5,321.35,321.5
2011-06-24,321,321,317,317.88
2011-06-27,317,317.5,312.98,313.95
2011-06-28,314.5,314.5,313,313.62
2011-06-29,315,315,313.1,314.61
2011-06-30,316,316,313.8,314.7
2011-07-01,316,316,312.8,313.33
2011-07-04,315,315,311.6,312.27
2011-07-05,312.5,313,311.8,312.13
2011-07-06,315,316.9,313.98,316.51
2011-07-07,316.51,320.2,316.2,319.2
2011-07-08,319.98,319.98,318,318.98
2011-07-11,321,322.3,321,321.89
2011-07-12,322.7,323.3,321,322.27
2011-07-13,322,326.95,322,326.81
2011-07-14,328,330,326.85,329.08
2011-07-15,330.5,330.9,327.08,327.2
2011-07-18,327.2,331.85,327.2,331.55
2011-07-19,327.7,334,327.7,333.94
2011-07-20,330.8,333.45,330,330.39
2011-07-21,332,333.35,328.9,333.17
2011-07-22,333.71,333.71,329.7,329.7
2011-07-25,333.9,335.65,333.9,335.5
2011-07-26,335.6,335.9,334.5,334.5
2011-07-27,335.1,336.3,334.1,336.1
2011-07-28,336.5,337,334.4,334.84
2011-07-29,336.41,336.41,333.1,334
2011-08-01,334,334.2,333.6,333.98
2011-08-02,336,336.5,334,336.4
2011-08-03,339,346,337.11,345.88
2011-08-04,345.3,345.95,344.01,344.8
2011-08-05,344.8,348,341.8,344.95
2011-08-08,349.5,354.8,349.5,352.64
2011-08-09,353,363.8,350.61,360.87
2011-08-10,363.15,363.6,356.52,361.75
2011-08-11,364,374.5,363.01,368.2
2011-08-12,368.2,372,361.38,362.79
2011-08-15,363,363,358.6,359.51
2011-08-16,362.3,365.25,358.7,364.76
2011-08-17,366.41,368.55,363.41,368
2011-08-18,368,369.5,366.5,369.37
2011-08-19,374,381.5,371.65,381.48
2011-08-22,381.48,390.16,381.48,389.8
2011-08-23,385,392.2,383.12,387.86
2011-08-24,384,388.5,379.9,380.45
2011-08-25,386,386,358.9,361.01
2011-08-26,361.01,368.9,353,368.84
2011-08-29,368.84,376.99,368.84,375.5
2011-08-30,375.5,375.5,366.1,371.05
2011-08-31,378,378.9,374,377.69
2011-09-01,379.45,379.45,374,375.11
2011-09-02,377,380.2,374.16,380.19
2011-09-05,388.6,388.6,385.31,387.59
2011-09-06,388,395.3,387.5,393.48
2011-09-07,392,392,376.68,379.49
2011-09-08,379.49,381,371.8,380.9
2011-09-09,383.6,387.3,381.67,386.93
2011-09-13,379,379.95,376.5,377.5
2011-09-14,378.65,381.99,376,378
2011-09-15,379.5,379.5,373.5,374.98
2011-09-16,374.98,374.98,354.98,366.93
2011-09-19,377.3,377.3,374.8,377.2
2011-09-20,377.4,377.4,367,370.63
2011-09-21,371,374.99,368.48,374.61
2011-09-22,374.61,374.61,367.7,368
2011-09-23,368,368,358,360
2011-09-26,351,351,322,327.56
2011-09-27,339.9,343.8,326,342.37
2011-09-28,345,345,338.02,343.25
2011-09-29,343.25,343.25,330,336
2011-09-30,336,340,333.5,338.49
2011-10-10,338.49,345,338.49,342.91
2011-10-11,344.5,347.9,341,346.79
2011-10-12,346.79,346.79,343.01,346.22
2011-10-13,346.22,350,346,347
2011-10-14,347,347,343.11,345.61
2011-10-17,348,349.8,346.5,348.29
2011-10-18,348.29,348.29,343.4,343.62
2011-10-19,343.62,344.68,337,340.8
2011-10-20,343.6,343.6,332.8,334.98
2011-10-21,336,337.2,332.41,336.74
2011-10-24,339.9,341.95,337.5,341.46
2011-10-25,343,343,340,341.5
2011-10-26,342,353.9,340.3,352.5
2011-10-27,352,355.1,351,352.97
2011-10-28,354,359.66,353,356.34
2011-10-31,358.5,358.5,349.8,350.49
2011-11-01,352.95,352.95,351,351.27
2011-11-02,351.27,353.99,345,353.52
2011-11-03,355.49,356.99,352,353.4
2011-11-04,361,361,356.01,359.49
2011-11-07,363,363,360,361.65
2011-11-08,366,366,362.1,365.2
2011-11-09,366.3,367,364.1,364.91
2011-11-10,364.91,366.8,358,358.89
2011-11-11,363,363,356.1,361.19
2011-11-14,366,366.5,365.1,365.7
2011-11-15,365.7,365.7,354.9,362.63
2011-11-16,363.48,364.9,361.1,362.17
2011-11-17,364,364,359,361.1
2011-11-18,361.1,361.1,351.2,353.7
2011-11-21,358.8,358.8,351.35,352.87
2011-11-22,352.87,352.87,345.35,346.37
2011-11-23,348,350.9,346.01,350.25
2011-11-24,350.25,350.25,345.3,348.47
2011-11-25,349.8,349.8,345.5,345.52
2011-11-28,347.5,351,347.5,350.99
2011-11-29,353.39,353.39,351,352.04
2011-11-30,352.95,354.2,350.9,351.77
2011-12-01,353.38,359,353,357.68
2011-12-02,358.5,358.7,356,357.59
2011-12-05,360,360,356,357.5
2011-12-06,357.5,357.6,351.21,351.48
2011-12-07,353.48,354.99,350,354.6
2011-12-08,354.6,356.3,353.3,356.29
2011-12-09,356.5,358.5,350,350.8
2011-12-12,354.5,354.5,346.2,346.34
2011-12-13,346.34,346.34,339,339.31
2011-12-14,343,344,335.21,337.95
2011-12-15,336,336,321.9,322.28
2011-12-16,328,329.5,321.7,329.42
2011-12-19,330,330,325.5,327.72
2011-12-20,329,329.2,326,328.65
2011-12-21,330.8,333.6,328.7,333.2
2011-12-22,333.2,333.2,328.6,329.91
2011-12-23,331,331,327.5,330.29
2011-12-26,331,331,326.1,328.78
2011-12-27,328.8,328.8,326.2,326.37
2011-12-28,327.2,327.2,323.55,323.64
2011-12-29,324.7,325,314.6,315.5
2011-12-30,315.5,320,311.5,319.8
2012-01-04,328.45,328.78,325.6,328.72
2012-01-05,328.45,332,325.6,331.98
2012-01-06,330,333.49,326.35,332.58
2012-01-09,322.58,331.1,322.58,331.04
2012-01-10,331.9,332.3,329,332.05
2012-01-11,336.8,337,333.7,335.5
2012-01-12,335.8,337.4,334.3,337.37
2012-01-13,340,340,334.5,337.51
2012-01-16,337.51,337.51,333.56,336.39
2012-01-17,337.12,339.4,335.35,339.18
2012-01-18,340,340,336.1,338.33
2012-01-19,338.33,339.96,335.99,339.38
2012-01-20,339.3,340,337.2,338.87
2012-01-30,355,355,351.01,351.01
2012-01-31,350.9,354.38,350.9,354.16
2012-02-01,355,355.49,352.5,352.58
2012-02-02,355,355.84,340,355.1
2012-02-03,355.1,357.2,352,356.99
2012-02-06,356.99,356.99,351.9,351.95
2012-02-07,341.95,351.8,341.95,351.74
2012-02-08,351.74,355.9,348.5,355.3
2012-02-09,355.8,355.8,351.2,353.3
2012-02-10,352.55,355.1,351.4,351.74
2012-02-13,351.9,352,350.3,351.59
2012-02-14,352.8,352.8,348,348.43
2012-02-15,348.8,351.3,348,351.2
2012-02-16,351.8,352.98,349,349.98
2012-02-17,351.5,352.2,347,352.16
2012-02-20,353,353.3,351.8,351.89
2012-02-21,353.8,353.8,351.9,353.65
2012-02-22,353.8,356.8,353.1,356.72
2012-02-23,356.72,360.5,354.9,359.92
2012-02-24,360,361.88,359.77,359.79
2012-02-27,350,360.7,350,359.68
2012-02-28,360,360.38,358.79,359.99
2012-02-29,362,362.6,360.5,361.96
2012-03-01,362.5,363,347.8,348
2012-03-02,348.45,350,345.8,348.7
2012-03-05,350,350,347.4,348.09
2012-03-06,348.09,348.09,345.5,346.01
2012-03-07,360,360,340,340.99
2012-03-08,344,344,340.8,343.45
2012-03-09,349,349,344.5,347.2
2012-03-12,352.5,352.5,346.9,347.26
2012-03-13,347.26,348,345.3,347.1
2012-03-14,350,350,341.1,341.35
2012-03-15,339,339,335.3,337.25
2012-03-16,339.5,340.5,336,339.4
2012-03-19,340,340.19,338.9,339
2012-03-20,339.97,340.47,337.1,337.62
2012-03-21,337.9,338.47,336.03,337.87
2012-03-22,340,340,336.5,336.77
2012-03-23,336.77,336.77,332.2,336.6
2012-03-26,339.8,340,338.6,339.29
2012-03-27,341,345,341,343.8
2012-03-28,345,345,340.8,341.22
2012-03-29,341.22,341.3,337.6,338.29
2012-03-30,340,340,336,339.04
2012-04-05,333,333,330.2,331.78
2012-04-06,332.6,334.5,331.5,334.28
2012-04-09,336,336,333.71,335.4
2012-04-10,336,338,334.5,336.49
2012-04-11,337,338.5,333.5,338.04
2012-04-12,338.9,338.9,337.2,337.97
2012-04-13,337.97,341.1,337,340.99
2012-04-16,340.99,340.99,334.8,335.43
2012-04-17,338,338,335.25,335.55
2012-04-18,336.9,336.9,333.5,336.39
2012-04-19,336.39,336.39,333.6,334.81
2012-04-20,334.81,336.48,333.5,334.96
2012-04-23,335.8,335.8,333,333.3
2012-04-24,333.3,334.3,331.65,333.65
2012-04-25,335,335.4,334,334.58
2012-04-26,334.25,335.94,332,335.45
2012-04-27,336.98,336.98,335.99,336.09
2012-05-02,338.5,338.5,336.1,336.46
2012-05-03,336.46,336.5,334.35,334.52
2012-05-04,335,335,332.61,332.84
2012-05-07,334.8,334.8,332.61,333.51
2012-05-08,333.8,333.9,332.3,332.55
2012-05-09,332.55,332.55,324.5,324.64
2012-05-10,324.64,325.59,323.32,325.57
2012-05-11,326.8,326.8,322,322.34
2012-05-14,325,325,320.5,322
2012-05-15,322,322,316.5,318.51
2012-05-16,320,320,312.69,313.98
2012-05-17,316,317.68,313.6,316.98
2012-05-18,317.8,323,317,322.77
2012-05-21,326.5,326.6,325.5,326.49
2012-05-22,326.49,326.49,323.6,324.49
2012-05-23,324.49,324.5,318,318.95
2012-05-24,319.8,320,314.78,319.29
2012-05-25,322,322.5,318.01,321
2012-05-28,324,324.7,322.02,323.99
2012-05-29,323.99,323.99,322.61,323.55
2012-05-30,323.99,324.5,317.7,318.39
2012-05-31,319.9,322.3,316,321.75
2012-06-01,322.8,323,319.4,320.24
2012-06-04,320.24,334,320.24,332.48
2012-06-05,332.45,333.5,331,331.01
2012-06-06,333.5,333.65,331.3,333.5
2012-06-07,335.9,335.9,331.91,332.46
2012-06-08,336.5,336.5,321.5,322.91
2012-06-11,330,330,327.6,328
2012-06-12,328,328,325.45,326.35
2012-06-13,330,333,328,330.6
2012-06-14,334,334,330.55,332.3
2012-06-15,334,334,330.03,333.48
2012-06-18,333.5,336.5,331,331.28
2012-06-19,332.5,333.8,331,333.72
2012-06-20,333.99,333.99,331.19,331.19
2012-06-21,331.19,331.58,327.6,328.53
2012-06-25,328.53,328.53,323.12,323.14
2012-06-26,326,326,323.18,324.6
2012-06-27,325.5,325.5,322.15,322.3
2012-06-28,322.5,323.99,320.1,322.71
2012-06-29,322.9,322.9,318.8,322.49
2012-07-02,327.6,327.6,324.19,326.2
2012-07-03,327,329.6,325.9,329.12
2012-07-04,331.4,331.4,330,330.12
2012-07-05,331,331.4,330,330.9
2012-07-06,328.9,329.7,328.15,328.3
2012-07-09,328.3,328.3,325,325.88
2012-07-10,326.99,327.5,325.3,325.49
2012-07-11,327,328.88,323.68,324.54
2012-07-12,326.99,326.99,322.6,322.88
2012-07-13,322.88,324,321.15,323.91
2012-07-16,326.99,326.99,324.61,326.51
2012-07-17,327.49,327.75,326.1,327.19
2012-07-18,327.9,327.9,324,325.04
2012-07-19,325.04,325.45,323.56,325.25
2012-07-20,325.68,326.17,324.7,325.84
2012-07-23,325.99,325.99,323.9,324
2012-07-24,323.51,324.8,323.3,324.52
2012-07-25,326,326.68,324,326.57
2012-07-26,329,329.93,327.03,329.47
2012-07-27,331.49,332,330,331.93
2012-07-30,332.49,334,331.5,331.75
2012-07-31,333,333,331.3,332.35
2012-08-01,333,333,330.41,331.51
2012-08-02,331.51,331.51,328.01,329.4
2012-08-03,329.5,329.5,326.91,326.99
2012-08-06,327.99,330.2,327.99,329.8
2012-08-07,330.5,331.5,330.01,331.25
2012-08-08,333,333,329.2,329.22
2012-08-09,330.8,331.5,329.8,331.07
2012-08-10,331.39,331.39,329.8,329.87
2012-08-13,332.8,332.88,331.7,332.86
2012-08-14,332.86,332.86,330.2,331.25
2012-08-15,329.1,329.2,328,328.13
2012-08-16,329.8,329.8,328.7,329.25
2012-08-17,330,332,329.21,331.87
2012-08-20,332,332.05,331.1,331.93
2012-08-21,330.7,332.65,330.7,332.4
2012-08-22,334.38,335.9,333.99,335.74
2012-08-23,336,340.76,335.2,340.65
2012-08-24,342,342.3,339.9,340.27
2012-08-27,342.84,343.47,342,342.33
2012-08-28,342.33,342.5,339.37,340.2
2012-08-29,341,341.95,340.2,341.13
2012-08-30,341.49,341.49,338.6,339.5
2012-08-31,340.5,340.5,338.5,339.69
2012-09-03,345,348,344.85,345.1
2012-09-04,346.99,346.99,345.1,346.35
2012-09-05,346.35,346.5,345.3,345.85
2012-09-06,346.98,348.6,345.71,348.58
2012-09-07,349,349,345,346.1
2012-09-10,348,355,348,353.5
2012-09-11,355,355,352.55,352.94
2012-09-12,354.94,354.94,353,354
2012-09-13,354.99,355,352.31,352.99
2012-09-14,355.5,361.5,351,360.31
2012-09-17,360.31,362.49,359.9,360
2012-09-18,362.99,362.99,357.27,357.5
2012-09-19,359,361.2,358.2,361
2012-09-20,361,361,357.05,357.32
2012-09-21,359,360.3,357.11,359.53
2012-09-24,361,361,351,357.5
2012-09-25,357.75,359,357.2,358.57
2012-09-26,361,361,357.38,358.25
2012-09-27,356,358.18,354.25,356.19
2012-09-28,360,360.7,357.1,360.03
2012-10-08,362,362,357.9,358.3
2012-10-09,361,361,358.2,359.28
2012-10-10,359.2,359.5,356.8,357.79
2012-10-11,358,358,356,357.54
2012-10-12,359.99,359.99,357.2,357.29
2012-10-15,357.29,357.29,352,352.6
2012-10-16,354.99,354.99,350,351.64
2012-10-17,353.44,353.71,351.51,352.5
2012-10-18,354.7,354.7,351.5,352
2012-10-19,353,353,349.5,349.86
2012-10-22,349.8,349.8,347,347.51
2012-10-23,352,352,346.4,346.43
2012-10-24,346.43,346.43,343.6,344.69
2012-10-25,349,349,342.5,345
2012-10-26,345.5,345.5,341.81,342.49
2012-10-29,345.99,345.99,344.2,344.43
2012-10-30,347,347,343.51,344.29
2012-10-31,346,346,343.9,343.94
2012-11-01,349,349,345,345.69
2012-11-02,347.99,347.99,342.71,343.79
2012-11-05,343.79,343.79,337.6,338.16
2012-11-06,339.99,339.99,338.3,339.42
2012-11-07,343.78,347.25,339.12,347.18
2012-11-08,346,347.49,343.02,345.49
2012-11-09,347.4,348.99,344.6,348.32
2012-11-12,350,350,347.51,348.24
2012-11-13,349.78,349.78,345.6,346.01
2012-11-14,348,348,345,346.29
2012-11-15,345.71,347.3,345.7,345.76
2012-11-16,346,346.2,343.5,344.11
2012-11-19,347,347,345.51,346.19
2012-11-20,347.2,348,346.5,347.67
2012-11-21,348.98,348.98,345.6,345.6
2012-11-22,347.19,347.3,345.46,346.8
2012-11-23,347.89,347.89,346.6,346.77
2012-11-26,351.88,351.88,349.6,350.14
2012-11-27,350.14,350.8,349.8,349.98
2012-11-28,350,350,347.7,347.72
2012-11-29,348.95,348.95,343.1,344.37
2012-11-30,345.85,346.2,344.6,346.02
2012-12-03,346.02,346.02,343.3,344.24
2012-12-04,346.49,346.49,340.6,341.27
2012-12-05,344,344,339.4,341.5
2012-12-06,341,341,338.38,338.99
2012-12-07,339,341.55,338.5,341.4
2012-12-10,341.56,342.8,341.56,342.62
2012-12-11,344,344,342.75,343.82
2012-12-12,344.99,344.99,343.11,344.45
2012-12-13,344.98,346,340.98,341.48
2012-12-14,341.5,341.95,339.8,341.74
2012-12-17,340.4,340.99,339.5,339.5
2012-12-18,340.4,342.09,339.93,342
2012-12-19,342,342,336.4,336.96
2012-12-20,337.99,337.99,334.71,335.64
2012-12-21,339.64,339.64,328.5,330.62
2012-12-24,333.98,334.5,331.9,334.01
2012-12-25,334.5,334.5,333.2,333.4
2012-12-26,336,336,332.6,333.27
2012-12-27,333.35,334.78,332.8,333.08
2012-12-28,333.9,334.7,332.5,332.84
2012-12-31,334.99,334.99,333,334.5
2013-01-04,334.99,334.99,330.9,331.47
2013-01-07,333.5,334.1,333,333.5
2013-01-08,333,333,330.7,331.58
2013-01-09,332.34,334,331.6,333.98
2013-01-10,333.98,333.98,332.4,333.7
2013-01-11,334.45,336.47,333.2,335.93
2013-01-14,339.96,339.96,334.1,335.92
2013-01-15,335.92,337.8,334.6,337.49
2013-01-16,337.95,338.3,337,337.7
2013-01-17,337.95,337.95,336.4,337.4
2013-01-18,338.94,339.65,335.2,339.21
2013-01-21,339.49,339.49,338.51,339.35
2013-01-22,340.35,340.4,335.8,339.83
2013-01-23,340.4,340.4,339.02,339.8
2013-01-24,340.8,340.8,337.08,337.39
2013-01-25,338.85,338.85,334.85,336.18
2013-01-28,335,335,333.02,334.62
2013-01-29,334.7,335.65,333.5,335.33
2013-01-30,335.4,336.1,334.5,336
2013-01-31,336,338.05,335.5,336.8
2013-02-01,336.7,336.7,334.05,335.04
2013-02-04,336.59,336.9,334.81,336.74
2013-02-05,336.74,337.6,335.42,337.1
2013-02-06,337.39,338.38,336,337.16
2013-02-07,337.99,338.3,337,337.3
2013-02-08,337.5,337.8,335.58,336.75
2013-02-18,332.5,333.75,326.4,327.25
2013-02-19,327.79,327.79,326,326.79
2013-02-20,327.99,327.99,325.2,326
2013-02-21,326,326,316.8,319.04
2013-02-22,320.3,323.5,318.6,323.48
2013-02-25,324.48,324.48,321.2,323.55
2013-02-26,324.4,326,323.4,323.99
2013-02-27,326.49,326.86,324.1,326.71
2013-02-28,326,326.05,323.9,323.99
2013-03-01,324.99,324.99,320.33,320.7
2013-03-04,323.49,323.49,319.8,320.2
2013-03-05,321,321,319.5,320.56
2013-03-06,321,321.2,319,319.03
2013-03-07,321,321,317.8,319
2013-03-08,320,320,317.3,318.35
2013-03-11,319.98,319.98,318,319.5
2013-03-12,319.97,319.97,318.59,319.49
2013-03-13,314.28,321.98,314.28,320.9
2013-03-14,320.9,321.5,319.3,319.41
2013-03-15,319.69,320.5,318.83,320.08
2013-03-18,321.95,321.95,320.2,321.19
2013-03-19,322,322.4,320.2,321.82
2013-03-20,322,323.16,321.1,322.93
2013-03-21,322.93,322.93,321.6,322.23
2013-03-22,323.15,323.25,322.6,322.7
2013-03-25,322,322.68,322,322.15
2013-03-26,322.15,322.15,319.3,321.05
2013-03-27,321.05,321.05,318.9,319.25
2013-03-28,321.2,321.49,319.85,321.11
2013-03-29,319.5,320.57,319.22,320.23
2013-04-01,321,321,319.7,319.87
2013-04-02,321,321,319.5,320.18
2013-04-03,319,319,312.8,314.15
2013-04-08,318.99,318.99,315.52,316.69
2013-04-09,316.69,316.69,314.49,315.4
2013-04-10,315.5,317.5,315.4,316.99
2013-04-11,316.99,316.99,311,311.87
2013-04-12,312.8,312.86,311.76,311.82
2013-04-15,305,305,285.6,289.9
2013-04-16,289.9,289.9,263.2,274.76
2013-04-17,274.76,278.98,272.76,276.5
2013-04-18,277,277.5,267,275.91
2013-04-19,277.96,285.6,275.5,285.5
2013-04-22,285.5,290.4,285.5,288.49
2013-04-23,289.99,291.3,283.7,283.91
2013-04-24,283.81,291.25,283.81,290.79
2013-04-25,291.8,299.15,289,293.2
2013-04-26,299,303.5,295.5,296.5
2013-05-02,296.5,296.57,292.25,294.58
2013-05-03,296.87,297.7,295,296.8
2013-05-06,296.8,299.6,296.8,299.6
2013-05-07,300,300,294,294
2013-05-08,294,296,292.1,294.52
2013-05-09,296.8,297.8,295.8,296.79
2013-05-10,296.8,298,295.1,296.17
2013-05-13,296.17,296.17,291,293.64
2013-05-14,295,295,288.7,291.84
2013-05-15,290,292,285.6,285.6
2013-05-16,285.6,288,280.55,280.94
2013-05-17,280.7,282,277.5,277.96
2013-05-20,275,277,268.07,276.44
2013-05-21,277.9,284.35,276.03,282.64
2013-05-22,282.64,282.64,278.78,281.56
2013-05-23,283.5,285.6,277.5,278
2013-05-24,282.8,282.8,278,279.2
2013-05-27,282,282,279.7,280.85
2013-05-28,282,282,278.81,279.14
2013-05-29,279.99,280.5,277,277.96
2013-05-30,278,281.25,277.8,280.85
2013-05-31,282.8,283,281.4,281.5
2013-06-03,277,281.39,277,277.64
2013-06-04,281.5,281.5,278,279.55
2013-06-05,279.99,279.99,277.7,278.5
2013-06-06,279.48,279.79,277.21,277.5
2013-06-07,279.99,281.2,278,281.09
2013-06-13,281.09,281.09,276.86,277.99
2013-06-14,278,278,276.4,277.35
2013-06-17,277.35,277.7,276.75,277.13
2013-06-18,277.18,277.18,275.1,275.64
2013-06-19,276.48,276.48,273,274.25
2013-06-20,274.83,275,265,266.48
2013-06-21,266.48,266.48,254.58,262.47
2013-06-24,261.5,262.95,258.5,260.16
2013-06-25,260.16,260.5,258.79,258.91
2013-06-26,259.1,259.3,251,251.59
2013-06-27,251.59,251.6,247.6,250.07
2013-06-28,250.07,250.07,239.3,243.5
2013-07-01,243,254.3,241,254.1
2013-07-02,254.1,257.01,252.3,256.6
2013-07-03,256,256,251.9,252
2013-07-04,254,255.55,253.55,255.25
2013-07-05,255.25,255.25,250.8,252.99
2013-07-08,252,252,246,251.15
2013-07-09,253.68,256.25,251.19,253.8
2013-07-10,254.93,254.93,251.1,252.69
2013-07-11,254.3,261.4,252.8,259.37
2013-07-12,259.37,259.8,256.8,257.59
2013-07-15,258.49,260.3,256.8,259.7
2013-07-16,259.7,277.5,258,259.1
2013-07-17,260.98,260.98,259.11,259.2
2013-07-18,260.5,261,255.9,256.42
2013-07-19,258.48,259.45,257.25,259.39
2013-07-22,259.49,265.3,259.03,264.59
2013-07-23,264.59,267.9,264.59,267.17
2013-07-24,267.5,269,266.6,268.73
2013-07-25,268.73,268.73,264.4,264.9
2013-07-26,267.1,267.65,265,266.5
2013-07-29,264.49,266.1,262.6,264.31
2013-07-30,266.98,266.98,264,264.1
2013-07-31,266.5,266.99,264.2,265.76
2013-08-01,266.99,266.99,261.8,264.39
2013-08-02,265.74,265.74,257.5,258.27
2013-08-05,263.97,264.1,261.8,263.5
2013-08-06,263.5,263.5,258.6,259.89
2013-08-07,259.01,259.5,256,257.11
2013-08-08,259,259.6,257.3,259.02
2013-08-09,259.15,263.01,258.76,262.2
2013-08-12,263,266.88,261.61,266.76
2013-08-13,267.8,268.29,266.3,267.96
2013-08-14,269.5,269.5,264.01,264.75
2013-08-15,266,269,264.2,267.23
2013-08-16,267,273.6,264.6,271.89
2013-08-19,273.2,275.65,271.7,273.59
2013-08-20,274.99,274.99,270,270.66
2013-08-21,272,273.9,272,272.23
2013-08-22,272.8,273.3,271,271.79
2013-08-23,272.98,274.1,272.72,273.19
2013-08-26,273.19,278,272.85,277.69
2013-08-27,278.95,279.8,276.53,278.32
2013-08-28,282.59,283.5,279.02,282.27
2013-08-29,284.49,284.49,279.21,280
2013-08-30,282.65,282.65,277.6,277.6
2013-09-02,277.6,278.81,276.01,277
2013-09-03,278,278,276.2,276.39
2013-09-04,278,280.3,277.99,279.18
2013-09-05,278.5,278.5,274.7,275.66
2013-09-06,277.49,277.49,272.11,273.28
2013-09-09,276.5,277,274.65,276.16
2013-09-10,277,277,273.8,273.8
2013-09-11,273.8,273.8,270.3,272.38
2013-09-12,272.5,272.5,267.8,268.09
2013-09-13,268.09,268.09,261.05,262.78
2013-09-16,262.8,265.2,261.8,263.76
2013-09-17,263.8,263.8,261,262
2013-09-18,262,262,256.9,259.02
2013-09-23,262.99,263.41,259.8,263.39
2013-09-24,263.39,263.55,261.69,262.45
2013-09-25,260,263.5,260,262.2
2013-09-26,263.99,264.95,261.9,264.57
2013-09-27,265,265,262,263.58
2013-09-30,266,267,264.11,265.65
2013-10-08,265,265,262.5,263.2
2013-10-09,264.95,264.95,261.8,262.1
2013-10-10,262.1,262.1,259,259.8
2013-10-11,259.8,259.8,256.5,257.77
2013-10-14,253,255.5,252.5,255.25
2013-10-15,258,258,253,253.36
2013-10-16,252.9,255.5,252.33,255.01
2013-10-17,255,255.42,252.89,254.02
2013-10-18,255.8,260.99,255.8,260.13
2013-10-21,260.85,261.4,258.61,260.76
2013-10-22,261.5,261.5,259.06,259.5
2013-10-23,262.98,264.5,261.5,262.49
2013-10-24,262.7,263,260,262.67
2013-10-25,266,266,262.5,262.86
2013-10-28,262.99,264.75,262.5,264.13
2013-10-29,266,266,264.2,264.2
2013-10-30,265.4,265.4,262.55,263.92
2013-10-31,265.98,265.98,261.6,262.25
2013-11-01,262.25,262.25,259.95,260.69
2013-11-04,259,259.88,258.05,258.41
2013-11-05,261.85,261.85,258.7,258.75
2013-11-06,259.85,259.9,257.7,258.11
2013-11-07,266.5,266.5,258.35,259.01
2013-11-08,259.9,259.9,256.5,257.52
2013-11-11,257,257.94,252.1,253.29
2013-11-12,254.58,254.58,251.1,251.96
2013-11-13,252.99,253,249.77,250.98
2013-11-14,252.4,253.5,250.6,253
2013-11-15,252.1,254.5,252.1,253
2013-11-18,253.57,253.63,252.61,253.06
2013-11-19,253.58,253.58,249.86,250.9
2013-11-20,252.38,252.38,250.6,251.21
2013-11-21,251.21,251.21,245.81,246.17
2013-11-22,247.38,247.38,244.5,245.67
2013-11-25,246.3,246.55,243.3,243.32
2013-11-26,243.98,247.38,243,247.32
2013-11-27,247.32,247.32,245.18,245.93
2013-11-28,246.45,246.8,244,244.6
2013-11-29,245.85,245.85,244.2,244.71
2013-12-02,246.1,246.3,245.12,245.8
2013-12-03,245.8,245.8,241.32,242.18
2013-12-04,242.5,242.5,240.8,240.89
2013-12-05,246.68,246.68,241,243.51
2013-12-06,246,246,240.8,243.5
2013-12-09,242.75,245,240.6,243.99
2013-12-10,245,245.3,243.36,244.96
2013-12-11,245.96,247.3,245.2,246.71
2013-12-12,247.85,247.85,246,246
2013-12-13,244,244.4,241.15,242.08
2013-12-16,242.48,242.9,241.74,242.75
2013-12-17,243.58,246,242.5,245.55
2013-12-18,245.55,245.55,242.34,243.06
2013-12-19,243.06,243.06,240.45,241
2013-12-20,241,241,235.4,236.37
2013-12-23,237.85,238.88,235.52,238.77
2013-12-24,238.77,238.77,237.3,237.62
2013-12-25,238.01,239.5,237.8,238.99
2013-12-26,239.38,252,238.5,239.29
2013-12-27,239.9,241.47,239.9,240.5
2013-12-30,240.3,241.48,238.66,238.77
2013-12-31,239,239.83,236.36,236.46
2014-01-02,238.85,242.3,238.85,242.3
2014-01-03,242.3,243.96,240.5,243.8
2014-01-06,242.5,246,242.15,245.39
2014-01-07,245.6,246.38,244.8,245.79
2014-01-08,245.79,245.79,241.8,241.95
2014-01-09,242.96,243.49,241.28,241.82
2014-01-10,243,244,241.7,243
2014-01-13,243.59,246.65,242.6,246.5
2014-01-14,245.95,246.5,245,246.34
2014-01-15,246.34,246.34,243.65,244.16
2014-01-16,243.85,245,242.8,244.49
2014-01-17,243.5,245.48,243.5,245.4
2014-01-20,245.4,247.2,244.8,246.82
2014-01-21,247.44,247.44,245.8,245.8
2014-01-22,245.8,245.8,243.2,243.87
2014-01-23,244.25,244.25,242.4,243.27
2014-01-24,245,247.2,244.7,246.89
2014-01-27,248.5,249.2,246.7,247.78
2014-01-28,247.79,247.79,245.9,245.9
2014-01-29,246.98,246.98,245.03,245.94
2014-01-30,247.37,247.37,246.15,246.37
2014-02-07,247.49,248.5,246.4,248.29
2014-02-10,248.85,250.6,247.52,250.39
2014-02-11,250.39,251.99,250,251.49
2014-02-12,251.5,252.6,250.5,252.06
2014-02-13,252.06,253.1,252,252.1
2014-02-14,252.99,256.7,252.51,256.69
2014-02-17,258,261.5,257.1,259.85
2014-02-18,259.87,260.4,257.6,258.01
2014-02-19,258.01,259.15,257.02,258.24
2014-02-20,258.58,259.15,256.8,257.49
2014-02-21,257.5,259.5,257.01,259.29
2014-02-24,259.3,260.7,258.9,260.5
2014-02-25,260.5,262.45,260.5,262.39
2014-02-26,263,265.31,262.21,265.22
2014-02-27,265.24,265.24,261,261.48
2014-02-28,262.94,263.55,261.52,262.73
2014-03-03,263.45,266.4,261.45,266.2
2014-03-04,266.2,267.45,263.5,264
2014-03-05,263.5,264,262.85,263.08
2014-03-06,263.01,264.4,262.7,262.99
2014-03-07,262.99,266,262.99,265.27
2014-03-10,265.98,265.98,261.1,262.53
2014-03-11,262.72,264.8,262.72,264.51
2014-03-12,264.51,268.9,263.8,267.43
2014-03-13,268,270.99,268,269.76
2014-03-14,269.76,271.3,268.8,269.63
2014-03-17,269.63,273.6,269.63,273.29
2014-03-18,273.26,273.26,268.2,269.1
2014-03-19,269.1,269.27,267,268.2
2014-03-20,268.2,268.2,264.26,265.45
2014-03-21,265.45,266.3,264.01,265.26
2014-03-24,265.3,266.9,263.7,263.89
2014-03-25,263.9,263.9,260.3,261.2
2014-03-26,261.2,262,260.02,262
2014-03-27,262,262,258.75,259.51
2014-03-28,259.51,259.51,257.64,258.5
2014-03-31,258.5,259.1,257.04,257.8
2014-04-01,257.9,258.49,255.5,256.39
2014-04-02,256.4,256.4,255.55,256.25
2014-04-03,256.25,257.7,256.25,257.06
2014-04-04,257.06,258.2,255.85,257.64
2014-04-08,257.64,261.3,257.58,261
2014-04-09,261.2,262,260.41,261.12
2014-04-10,260.5,263,259.56,263
2014-04-11,263,263.35,262.3,262.64
2014-04-14,262.88,265.45,262.58,264.85
2014-04-15,264.85,265.99,262,262.18
2014-04-16,261,261,258.5,260.08
2014-04-17,260.5,260.5,259.2,259.3
2014-04-18,259.3,260.5,258.5,259.33
2014-04-21,259.79,259.79,257,257.66
2014-04-22,257.97,258.75,257.4,258.55
2014-04-23,258.55,258.55,257.2,257.88
2014-04-24,258.3,258.5,257.5,257.7
2014-04-25,257,260.15,256.3,259.76
2014-04-28,260.42,262.7,260.42,261.89
2014-04-29,262.8,262.85,260,260.09
2014-04-30,260.3,261.2,260.12,260.26
2014-05-05,260.59,263.2,260.59,262.84
2014-05-06,263.65,263.8,262.6,262.98
2014-05-07,263.3,263.3,262.31,262.8
2014-05-08,262.8,262.8,258.95,259.05
2014-05-09,259.05,259.38,258.4,259.16
2014-05-12,259.48,259.48,258.2,259.1
2014-05-13,260.8,261.1,259.02,259.49
2014-05-14,260,260.8,259.45,260.29
2014-05-15,261.5,261.55,260.56,261
2014-05-16,260.6,260.6,259.6,259.69
2014-05-19,259.85,260.9,259.4,260.71
2014-05-20,261.49,262,259.4,259.8
2014-05-21,259.85,261,259.3,259.85
2014-05-22,260.35,260.4,259.3,260.1
2014-05-23,260.5,260.5,259.7,260.01
2014-05-26,260.1,260.1,259,259.56
2014-05-27,259.7,259.75,258.25,258.29
2014-05-28,258.29,258.29,254.6,254.9
2014-05-29,255,255.1,252.05,252.07
2014-05-30,254.8,254.8,252.3,252.8
2014-06-03,252.8,252.8,250.15,250.9
2014-06-04,251.19,251.2,250.2,251
2014-06-05,251.75,251.8,250.31,250.4
2014-06-06,251.99,252.9,251.5,252.75
2014-06-09,252.75,254.5,251.3,252.23
2014-06-10,252.4,252.4,251,251.6
2014-06-11,252,253,252,252.46
2014-06-12,253.15,253.38,252,252
2014-06-13,253.47,254.5,252.85,254.35
2014-06-16,253,256.8,253,256.79
2014-06-17,256.8,256.8,253.5,253.75
2014-06-18,253.49,254.58,253.33,254.38
2014-06-19,254.95,256.74,254.11,255.98
2014-06-20,256.88,263.51,256.88,262.5
2014-06-23,263.5,264.47,262.1,263.68
2014-06-24,263.68,264.1,262.8,263.61
2014-06-25,264,264.8,262.68,262.9
2014-06-26,263.5,264.6,262.3,262.78
2014-06-27,263.8,263.8,262.5,263.09
2014-06-30,263.75,263.75,261.7,261.86
2014-07-01,262.8,265.3,262.1,263.99
2014-07-02,264.55,264.88,263.85,264.52
2014-07-03,264.48,265,263.7,263.71
2014-07-04,263.51,264.11,262.93,263.93
2014-07-07,264.5,264.5,261.6,261.7
2014-07-08,262.49,263.09,261.4,263
2014-07-09,263.25,263.85,262,263.76
2014-07-10,263.51,265,263.45,264.79
2014-07-11,265.5,267.8,265.5,266.89
2014-07-14,266.9,267.75,262.75,263.26
2014-07-15,263,263,260.5,261.73
2014-07-16,260.8,262.38,258.11,259.19
2014-07-17,259.95,261.3,259.2,260.45
2014-07-18,260.99,263.74,260.1,261.69
2014-07-21,262.8,262.8,260.7,262.6
2014-07-22,262.99,262.99,260.3,261.09
2014-07-23,261.99,262,260.6,261.17
2014-07-24,261.2,261.85,258.4,258.85
2014-07-25,259.25,259.3,257.35,257.85
2014-07-28,257.85,260.15,257.85,259.75
2014-07-29,259.75,260.4,259.6,259.85
2014-07-30,260.32,260.32,258.31,258.4
2014-07-31,258.4,258.4,257,257.79
2014-08-01,257.8,257.8,255.2,255.65
2014-08-04,256.95,258,256.95,257.63
2014-08-05,257.8,257.8,256.1,256.81
2014-08-06,256.99,257,255.5,256.45
2014-08-07,256.8,265.5,256.8,258.71
2014-08-08,258.7,261.77,258.52,261.1
2014-08-11,260.9,260.9,258.75,259.37
2014-08-12,259.2,260,258.6,260
2014-08-13,260,261,259.35,259.61
2014-08-14,259.61,260.5,259.61,260.39
2014-08-15,260.75,260.75,259.7,260.14
2014-08-18,258.41,259,257,257.5
2014-08-19,257.5,257.75,257,257
2014-08-20,257.2,257.2,256.4,256.4
2014-08-21,257.5,257.5,253.39,253.85
2014-08-22,253.99,254.2,253,253.91
2014-08-25,254,254.78,253.3,253.3
2014-08-26,253.79,255.9,253.4,255.77
2014-08-27,256,256,254.4,254.95
2014-08-28,256,256,254.1,255.15
2014-08-29,256,256,254.9,255.04
2014-09-01,255.49,255.49,254.41,255.14
2014-09-02,255.7,255.7,252.2,252.84
2014-09-03,251.99,252,250.7,251.25
2014-09-04,252.6,252.6,250.8,250.91
2014-09-05,251.44,252,249.6,250.25
2014-09-09,250.25,250.25,248.18,248.18
2014-09-10,248.45,248.6,246.01,248.46
2014-09-11,247.95,247.95,246.5,247.19
2014-09-12,247.19,247.19,243.8,245.21
2014-09-15,245,245.45,243.3,244.8
2014-09-16,245.8,245.8,244.4,245.4
2014-09-17,245.99,246,244.7,245.32
2014-09-18,245,245.44,242.33,242.33
2014-09-19,242,243.49,241.5,242.01
2014-09-22,242.69,243.45,239,239.03
2014-09-23,241.48,241.48,239.8,240.9
2014-09-24,245.48,245.48,241.51,242.5
2014-09-25,242.5,242.5,239.25,239.27
2014-09-26,239.53,244,239.39,242.76
2014-09-29,241.98,241.98,240.39,240.97
2014-09-30,242,242,241.08,241.24
2014-10-08,241,241.4,240,241.26
2014-10-09,241.25,242.95,239.52,242.59
2014-10-10,243.99,243.99,241.65,241.75
2014-10-13,242.45,244.29,241.6,243.64
2014-10-14,242.99,244.1,242.5,243.58
2014-10-15,243.99,244.3,242,242.12
2014-10-16,244,245.4,242.7,244.41
2014-10-17,245.66,245.66,244,244.89
2014-10-20,244.98,245.2,243,244.79
2014-10-21,246.69,247,244.81,246.99
2014-10-22,249.99,249.99,245.39,245.39
2014-10-23,245.99,245.99,244.7,244.85
2014-10-24,244.8,244.8,242.01,242.42
2014-10-27,242.9,243.49,242.1,242.22
2014-10-28,242.49,242.49,241.51,241.82
2014-10-29,242.45,242.99,241.8,241.83
2014-10-30,242.25,242.25,237.1,237.41
2014-10-31,239.38,239.38,230.05,230.44
2014-11-03,231.49,231.49,227.5,230.93
2014-11-04,231.49,231.49,229.46,229.5
2014-11-05,230.5,230.5,225.38,225.9
2014-11-06,223.49,230,223.25,225.38
2014-11-07,225.38,225.61,223,225.3
2014-11-10,225.99,232.5,225,230.71
2014-11-11,230.09,230.39,226.6,227.79
2014-11-12,229.5,230.63,227.5,230.39
2014-11-13,230.1,230.45,228.4,228.89
2014-11-14,229.4,230,227,227.2
2014-11-17,228.3,236,226.5,234.57
2014-11-18,234.89,235,233.55,234.4
2014-11-19,236.1,237,234.8,235.2
2014-11-20,236.49,236.49,232,233.8
2014-11-21,234.99,235.99,233.8,235.41
2014-11-24,234,238,234,237.15
2014-11-25,236.6,237.38,236.36,237
2014-11-26,237.98,237.98,235.8,237.39
2014-11-27,237.5,237.5,235.7,236.42
2014-11-28,237.2,237.2,233.5,235.5
2014-12-01,235,235,226.61,228.84
2014-12-02,231.58,240.05,230.02,238.86
2014-12-03,238.98,238.98,236.6,237.65
2014-12-04,238.98,239.68,237.76,238
2014-12-05,238.5,240.1,237.1,239
2014-12-08,239,239.5,236.4,236.99
2014-12-09,237.4,240.55,236.7,240.38
2014-12-10,239.38,246.25,239.05,246.15
2014-12-11,245.5,245.78,243,243.17
2014-12-12,243.79,244.5,242.42,242.9
2014-12-15,243.01,244.2,241.99,243.1
2014-12-16,242.5,242.99,238.35,239.09
2014-12-17,241.49,243,237.35,239.3
2014-12-18,240.49,240.7,238,240.35
2014-12-19,241,241.68,239.5,240.93
2014-12-22,239.6,240.49,239.5,240.25
2014-12-23,240.99,240.99,236.3,236.95
2014-12-24,236.5,236.99,236,236.57
2014-12-25,236.8,236.8,235.95,236.69
2014-12-26,236.69,238.4,236.36,238.2
2014-12-29,240.49,240.49,238.22,239.96
2014-12-30,239.85,239.85,237.4,237.42
2014-12-31,237.42,241.1,237,240.59
2015-01-05,240.6,240.68,238.8,240.6
2015-01-06,240.99,242.6,239,242.5
2015-01-07,242.5,244.5,241.8,243.14
2015-01-08,243.4,243.6,242.3,242.75
2015-01-09,242.75,243.63,241.9,242.92
2015-01-12,243.59,246.09,242.7,245.8
2015-01-13,245.5,247.65,244.2,247.38
2015-01-14,248,248.1,244.9,247.7
2015-01-15,247.5,248,244.95,245.01
2015-01-16,249.63,252,248.1,252
2015-01-19,253,256.1,252,255.8
2015-01-20,256.75,256.75,255,255.99
2015-01-21,257.9,261.3,257.21,260.29
2015-01-22,260.97,261.19,256.5,257.28
2015-01-23,258,260.8,256,259.8
2015-01-26,260.49,260.87,258.1,260.8
2015-01-27,260,260,256.9,258.39
2015-01-28,258.99,260,257.76,259.16
2015-01-29,260.78,260.78,257.3,257.5
2015-01-30,257,257,250.18,253.19
2015-02-02,254.5,258.2,253.2,257.94
2015-02-03,258.98,265,255.7,258.26
2015-02-04,259.49,259.49,253.4,254.7
2015-02-05,255.95,256.7,254,255.26
2015-02-06,254.36,255.9,253.8,254.93
2015-02-09,255.49,255.49,249,249.74
2015-02-10,249.99,250.61,249.2,250.28
2015-02-11,249.45,249.5,248.2,248.88
2015-02-12,249,249,245.7,245.9
2015-02-13,246.85,247.76,245.8,247.6
2015-02-16,246.45,248.6,246.45,248.6
2015-02-17,249.4,249.4,246.9,247.23
2015-02-25,247.2,247.2,244,244.52
2015-02-26,244.8,244.8,243.4,244.59
2015-02-27,245.8,246.47,244,244.83
2015-03-02,243.91,247.49,243.91,247.39
2015-03-03,246.25,247,242.3,245
2015-03-04,245.97,245.97,243.15,244.18
2015-03-05,244.85,244.85,242.8,243
2015-03-06,243.99,244,242,242.31
2015-03-09,243,243,236.5,237.4
2015-03-10,237.85,237.85,234.65,235.45
2015-03-11,235.6,236.48,234.73,235.3
2015-03-12,234.5,235.9,232.41,235.79
2015-03-13,234.99,234.99,233.2,234.64
2015-03-16,234.4,235.3,233.2,234.85
2015-03-17,234.6,234.71,233,233
2015-03-18,233,234,230.4,231
2015-03-19,231.5,236.9,230.9,234.49
2015-03-20,233.9,235,232.6,234.5
2015-03-23,235,237.1,234.4,236.68
2015-03-24,237,238.2,236.8,237.73
2015-03-25,238.95,239,237.7,238.19
2015-03-26,238.3,241.1,238.3,241.04
2015-03-27,241.04,243,240.5,240.5
2015-03-30,241.49,241.49,237.7,238.74
2015-03-31,237.8,237.98,235.55,235.55
2015-04-01,237.5,237.5,236.3,236.69
2015-04-02,236.5,240.97,236.5,240.3
2015-04-03,241,241,238.2,239.4
2015-04-07,241,241.97,241,241.41
2015-04-08,241,241.95,240.6,241.9
2015-04-09,241.45,241.45,238,238.5
2015-04-10,239.99,239.99,238.3,238.89
2015-04-13,240.01,242.36,239.5,241.34
2015-04-14,239.89,241.5,238.5,239.09
2015-04-15,239,239.89,237.5,238.33
2015-04-16,239.48,240.98,238.05,240.3
2015-04-17,240.39,241,239.03,240
2015-04-20,240.3,241.99,239.88,241.79
2015-04-21,241.79,241.79,238.42,238.57
2015-04-22,240.2,240.5,239,240
2015-04-23,239.99,239.99,236.66,236.99
2015-04-24,237.32,238.88,237.01,238.8
2015-04-27,238.45,238.45,235.01,236.8
2015-04-28,236.8,240.65,236.8,240.5
2015-04-29,240.95,242,240,241.49
2015-04-30,241.48,242.3,239.88,239.93
2015-05-04,238,238,236.01,236.97
2015-05-05,236.99,239,236.7,237.73
2015-05-06,238.49,239.2,238.02,238.78
2015-05-07,238.4,239.18,236.6,236.89
2015-05-08,237.49,237.69,236.38,237.65
2015-05-11,237.59,238.88,236.71,237.17
2015-05-12,237.89,238.2,236.46,236.9
2015-05-13,238.58,239.05,237.6,238.98
2015-05-14,239,242.9,238.8,242.83
2015-05-15,243,244.05,242.22,243.56
2015-05-18,242.51,246.08,242.51,245.37
2015-05-19,245.6,245.6,243.5,243.55
2015-05-20,243.21,243.99,240.6,241.17
2015-05-21,242.1,242.3,241.55,241.79
2015-05-22,241.6,241.85,240.5,241.74
2015-05-25,242.15,242.15,240.35,240.5
2015-05-26,240,241.25,238.9,239.16
2015-05-27,239.75,239.75,237,237.65
2015-05-28,237.79,237.8,237,237.25
2015-05-29,237.95,237.95,236.41,237.59
2015-06-01,237.88,238.2,236.6,236.79
2015-06-02,237.39,239.7,236.6,237.4
2015-06-03,238.08,238.8,237.3,237.52
2015-06-04,238,238.45,235.8,235.94
2015-06-05,236.63,236.68,234.8,235
2015-06-08,235,235.49,233.2,234.7
2015-06-09,235,235.5,234.2,235.18
2015-06-10,236.46,236.95,235.18,236.85
2015-06-11,236.9,238.1,236.41,236.49
2015-06-12,236.38,236.8,235.5,236.41
2015-06-15,236.55,236.89,235.6,236.7
2015-06-16,236.7,237.8,235.9,237.3
2015-06-17,236.8,236.95,235.2,235.6
2015-06-18,235.75,237.5,235.2,237.5
2015-06-19,238.97,239.99,238.5,239.4
2015-06-23,237.6,237.6,236.75,237.32
2015-06-24,236.99,236.99,234.9,235
2015-06-25,235.99,235.99,234.4,235.1
2015-06-26,235.1,235.7,234.1,234.98
2015-06-29,235.77,237,234.4,235.56
2015-06-30,235.98,236,234.5,234.94
2015-07-01,234.8,235.2,233.6,234.38
2015-07-02,233,234.5,232.7,232.73
2015-07-03,232.72,233.9,231.5,233.77
2015-07-06,234.39,234.39,233.2,233.69
2015-07-07,233.65,234.2,232.7,233.89
2015-07-08,233.7,233.7,229,229.13
2015-07-09,230.5,233,229.96,232.64
2015-07-10,232.64,233.02,220.01,232.77
2015-07-13,232.3,233.3,231.4,231.4
2015-07-14,231.7,231.99,230.6,230.8
2015-07-15,231.99,231.99,231,231.29
2015-07-16,231.01,231.6,229.4,229.6
2015-07-17,228.09,238.7,228.09,229.19
2015-07-20,229.95,229.95,219,223.52
2015-07-21,223,224.4,220.8,221.7
2015-07-22,221.52,222.09,218.5,218.9
2015-07-23,219.2,220.5,217.65,219.55
2015-07-24,220.99,220.99,216.15,217.19
2015-07-27,216.6,221.4,216.4,221.38
2015-07-28,219.99,220.5,218.7,219.53
2015-07-29,219.53,221,219.1,219.56
2015-07-30,219.56,219.87,216.82,217.51
2015-07-31,218,218.6,216.65,216.87
2015-08-03,216.5,220,216.5,219.3
2015-08-04,218.8,219.01,216.4,218.14
2015-08-05,219.49,219.49,217.1,217.61
2015-08-06,218,218.5,217.08,217.59
2015-08-07,218.18,219.5,217.3,218.7
2015-08-10,210.79,219.97,210.79,219.95
2015-08-11,220.49,224.99,217,224.99
2015-08-12,227.49,233.1,225.03,232.24
2015-08-13,232.85,233.8,231,231
2015-08-14,231.8,231.8,229.5,230.6
2015-08-17,231,231.49,229.35,230.7
2015-08-18,230.89,231.5,230,231.04
2015-08-19,231.04,231.8,229.3,231.79
2015-08-20,231.99,235.58,231.01,234.7
2015-08-21,235.99,241.82,235,238.02
2015-08-24,238,240.16,237.1,239.58
2015-08-25,239.6,241,237.2,237.86
2015-08-26,238.49,238.5,234.88,235.78
2015-08-27,235.78,235.78,231.8,233.17
2015-08-28,233.49,234.51,232,233.2
2015-08-31,233,234.8,232.5,233.75
2015-09-01,234.49,235.1,232,234.6
2015-09-02,234.65,235.51,233.69,234.9
2015-09-07,234.9,234.9,230.6,231
2015-09-08,231.49,238,230,230.58
2015-09-09,231.5,231.71,230.67,231.1
2015-09-10,231.99,231.99,227.7,228.09
2015-09-11,229.3,229.3,227.8,228.35
2015-09-14,231.5,231.5,226.8,227.99
2015-09-15,228.49,228.7,227.3,227.94
2015-09-16,229.49,229.49,227.3,228.02
2015-09-17,229.49,280,227.69,230.44
2015-09-18,230.25,232.68,230,231.96
2015-09-21,232.12,234.23,232.12,234
2015-09-22,234,234,224,233.4
2015-09-23,232.99,233,231.5,232.51
2015-09-24,233,234.4,232.5,233.84
2015-09-25,234.98,237.2,233.88,235.24
2015-09-28,235.24,235.6,233.6,233.7
2015-09-29,233,233.3,230.55,230.56
2015-09-30,231.99,232,229.75,230.5
2015-10-08,230.5,235,230.5,235
2015-10-09,235,235.2,233.22,234.77
2015-10-12,235.99,237.78,235.04,237.2
2015-10-13,238.8,238.8,235.55,236.3
2015-10-14,237.9,239.95,235.7,239.84
2015-10-15,239.81,242.22,238.15,241.4
2015-10-16,241.4,242.5,239.1,240.56
2015-10-19,240.5,241.5,239.5,239.5
2015-10-20,239.5,240.5,238.9,240.1
2015-10-21,241,241,239.6,240.31
2015-10-22,240.99,240.99,238.3,239.03
2015-10-23,239.03,240.5,238.5,240.49
2015-10-26,241.48,241.48,238,238.3
2015-10-27,238.3,239.34,238.3,238.45
2015-10-28,239.29,240.25,238.12,240
2015-10-29,241,242.1,237,237.3
2015-10-30,238.49,238.49,233.9,233.91
2015-11-02,235.5,235.5,232,233.3
2015-11-03,233.98,233.98,231.9,232.13
2015-11-04,231.8,231.99,228.72,228.74
2015-11-05,229.98,229.98,226.85,227.01
2015-11-06,227.79,227.8,226.98,227.31
2015-11-09,227.95,227.95,223.25,224.39
2015-11-10,225.45,244,223.8,224.24
2015-11-11,225,225,223.1,224.47
2015-11-12,224.85,224.85,223.4,223.4
2015-11-13,224.95,224.95,221.5,223.35
2015-11-16,224.35,226,223,225.5
2015-11-17,225.29,225.5,222,222.16
2015-11-18,222.74,223.15,219.75,220.92
2015-11-19,220.07,222.2,220.07,221.59
2015-11-20,221.89,223.69,220.3,223.1
2015-11-23,223.85,224,220,220.83
2015-11-24,221.83,221.83,220.5,221.44
2015-11-25,221.96,222.99,221.3,222.84
2015-11-26,222.49,222.49,220.8,221.85
2015-11-27,222,222,220.3,220.78
2015-11-30,220.58,220.58,217.6,218.02
2015-12-01,218.99,222,218,221.54
2015-12-02,221.75,221.75,220.26,220.54
2015-12-03,220.4,220.55,216.6,218.18
2015-12-04,217.75,219.97,217.19,219.96
2015-12-07,222.48,225,217,224.99
2015-12-08,224.63,225,221.33,224.89
2015-12-09,222.99,223.88,221.6,223.28
2015-12-10,223.92,225.2,222.7,222.8
2015-12-11,223.47,223.47,221.65,223.02
2015-12-14,222,224.6,221.81,224.06
2015-12-15,224.49,224.5,221.6,221.65
2015-12-16,222.45,222.6,221.5,222.3
2015-12-17,222.29,224,222.25,223.13
2015-12-18,222.99,223.39,220.5,221.4
2015-12-21,221.67,224.08,221.4,223.94
2015-12-22,224,225.45,223.5,225.19
2015-12-23,225.35,225.56,224.1,224.6
2015-12-24,224.5,224.78,223.9,224.73
2015-12-25,224.73,225.4,224.31,225.14
2015-12-28,225.94,226,224.1,224.94
2015-12-29,224.8,224.99,224.01,224.72
2015-12-30,224.72,225,224,224.45
2015-12-31,223.79,233.33,222.05,222.86
2016-01-04,222.86,225,222.81,224.77
2016-01-05,225.59,227.1,225.01,226.65
2016-01-06,227.99,230,226.11,228.09
2016-01-07,229.5,234.65,229.06,233.24
2016-01-08,234.49,235.29,231,233.54
2016-01-11,234.5,235.1,233,234.89
2016-01-12,234.5,234.5,231.55,232.51
2016-01-13,232.51,232.51,229.13,229.27
2016-01-14,230.48,232.44,228.6,231.41
2016-01-15,231.99,232,229,230.5
2016-01-18,230.49,232.1,230.49,231.7
2016-01-19,231.8,231.8,230.37,231.3
2016-01-20,230.7,232.3,230.25,232.3
2016-01-21,232.99,234.28,232,234.17
2016-01-22,233.6,234,232.3,232.5
2016-01-25,233.35,234,232.51,233.69
2016-01-26,234,237,233.81,237
2016-01-27,236.5,237.99,236,237.09
2016-01-28,236.81,237.8,236.7,236.79
2016-01-29,237.98,237.98,235.9,236.48
2016-02-01,235.85,238.11,235.6,238.09
2016-02-02,239.5,239.5,237.8,238.5
2016-02-03,238.48,239.55,238.4,238.5
2016-02-04,239.15,242,239,241.8
2016-02-05,242.99,244.5,242.4,243.94
2016-02-15,250,259.95,245,253.7
2016-02-16,252.55,253.6,250.2,251.39
2016-02-17,251.39,254.4,251.39,254
2016-02-18,252.99,253.78,252.55,253.05
2016-02-19,253.49,258,252.55,256.65
2016-02-22,257.99,258.9,254.85,254.86
2016-02-23,253.01,256.26,251,256.15
2016-02-24,256.99,258,255.3,256.98
2016-02-25,259,263.3,258,260.32
2016-02-26,260.99,260.99,258.12,260.41
2016-02-29,260.85,260.85,255.6,258.86
2016-03-01,258,262.7,181.2,261.12
2016-03-02,262.45,262.8,258.5,258.66
2016-03-03,260.49,261.5,259,261.47
2016-03-04,261.99,265,261,264.74
2016-03-07,265.5,267.8,263,265
2016-03-08,265,266.61,264.8,266.29
2016-03-09,266.75,266.75,262.4,263.75
2016-03-10,263.5,263.55,260.9,261.43
2016-03-11,262.99,268,259.6,264.97
2016-03-14,264.97,265.75,261.95,262.08
2016-03-15,262.99,263.49,257,257.69
2016-03-16,258.65,259.49,257.2,259.09
2016-03-17,258.15,263.95,258,263.86
2016-03-18,264,264.49,262,262.46
2016-03-21,262.58,262.58,259.2,259.71
2016-03-22,260.44,262.22,259.5,262.1
2016-03-23,261.8,262.5,257.6,258.25
2016-03-24,257.81,257.99,254.33,255
2016-03-25,255.99,256.8,255.6,256.05
2016-03-28,255.98,256.8,253.93,255.78
2016-03-29,255.95,256.47,255,255.02
2016-03-30,255.02,259.32,255.02,258.68
2016-03-31,258.5,262.8,255.3,255.7
2016-04-01,256.77,257.19,255.81,257
2016-04-05,257,257,254.96,255.45
2016-04-06,256.98,257.1,255.68,255.99
2016-04-07,255.45,256.56,255,255.64
2016-04-08,257,258.45,256.52,257.3
2016-04-11,257.49,261.05,257,260.97
2016-04-12,260,262.63,259.98,261.3
2016-04-13,262.99,263,259.8,259.8
2016-04-14,259,260.47,257,257.99
2016-04-15,258.99,258.99,256.2,256.95
2016-04-18,257.99,258.5,256.3,258.28
2016-04-19,258.99,260.02,256.7,259.9
2016-04-20,259.8,262,259.6,260
2016-04-21,260.5,263,259.5,262.74
2016-04-22,263,264.7,259.8,260.44
2016-04-25,260.3,261,257.5,259.06
2016-04-26,259.3,259.79,258,258.4
2016-04-27,257.7,260.84,257.5,260.67
2016-04-28,256.29,262.2,255.5,261.5
2016-04-29,260,266.7,260,266.32
2016-05-03,267,270.8,266.35,270.69
2016-05-04,275,275,267.8,268.35
2016-05-05,269.49,269.72,267.2,267.6
2016-05-06,268,269.19,266.2,268.23
2016-05-09,268.6,270.9,267.5,268.1
2016-05-10,267.5,267.79,265,266
2016-05-11,264,267.34,260.99,267.03
2016-05-12,267.99,267.99,266.17,266.4
2016-05-13,267,268.2,265.62,267.49
2016-05-16,267.95,269.7,266.3,269.35
2016-05-17,269.34,270.4,267.7,267.89
2016-05-18,268,268.95,267.5,267.93
2016-05-19,268.3,268.4,264.1,264.5
2016-05-20,264,265,262.9,264.51
2016-05-23,265.88,265.88,263.6,264.11
2016-05-24,263.01,264.1,262.3,262.45
2016-05-25,262.45,262.5,258.4,258.45
2016-05-26,259,260.4,258.5,259.85
2016-05-27,259.5,260.39,256.44,258.03
2016-05-30,258.88,258.88,254.5,255.3
2016-05-31,256.79,257.6,255.7,256.9
2016-06-01,257.48,258.85,256.6,258.3
2016-06-02,258.25,258.88,256.5,257.98
2016-06-03,258.85,258.85,256.8,257.4
2016-06-06,257.39,262.8,257.3,262.49
2016-06-07,263,263.7,262,262.9
2016-06-08,262.95,265.48,261.7,265.1
2016-06-13,265.1,272.28,265.1,271.75
2016-06-14,271.75,278,271,271.5
2016-06-15,271.5,273.4,271.5,272.78
2016-06-16,272.7,278.19,271.9,277.66
2016-06-17,276.01,278.52,270.5,272.7
2016-06-20,273.99,274.5,271.68,272
2016-06-21,272,273.2,271.2,271.64
2016-06-22,269,270.4,267.7,268.56
2016-06-23,267.01,269.09,266.19,268.9
2016-06-24,268.2,283.5,267.4,281.44
2016-06-27,281.45,283.59,279.01,282.84
2016-06-28,284,284,281.6,281.67
2016-06-29,281.67,283.4,280.8,283
2016-06-30,282.99,283.59,281.35,281.5
2016-07-01,282.95,286.37,281.9,285.89
2016-07-04,285,291.25,281,289.87
2016-07-05,300,300,287.3,288.68
2016-07-06,289.99,295.5,288.21,293.82
2016-07-07,295.99,295.99,293.77,294.25
2016-07-08,291.09,293.99,290.41,291.63
2016-07-11,292.28,295.2,288,293
2016-07-12,292.01,293.28,291.5,292.4
2016-07-13,292,292,286.4,289.42
2016-07-14,292,292,286.88,287.4
2016-07-15,286.99,287.4,284.7,287.04
2016-07-18,287.99,287.99,285.5,286.29
2016-07-19,286,288.44,286,287.02
2016-07-20,288.2,288.2,285.58,285.85
2016-07-21,285.16,285.16,282.2,283.34
2016-07-22,283.9,286.3,283,285
2016-07-25,285.8,285.8,282.8,283.27
2016-07-26,284.99,284.99,282.6,283.97
2016-07-27,284,284.19,282.56,283.63
2016-07-28,283.2,287.95,283.2,287.71
2016-07-29,288.88,288.88,285.71,285.83
2016-08-01,286.95,288.67,286,288.17
2016-08-02,288.99,290.4,288.08,290.1
2016-08-03,290.99,291.9,290.11,291.9
2016-08-04,291.89,291.89,288.38,289.05
2016-08-05,290.88,292.2,290.31,292.12
2016-08-08,291.99,291.99,285.87,286.42
2016-08-09,286.42,289,285.31,289
2016-08-10,289,290.07,285.85,289.59
2016-08-11,289.59,289.98,287.05,287.84
2016-08-12,287.98,289.28,286.58,286.8
2016-08-15,287.99,289.3,285.8,287.35
2016-08-16,287.99,288.65,286.4,287.98
2016-08-17,289.2,289.6,286.79,286.79
2016-08-18,287.2,289.3,287,288.87
2016-08-19,288.3,288.99,287.7,288.2
2016-08-22,287.7,288.5,286.11,286.35
2016-08-23,286.95,287.5,286.23,286.82
2016-08-24,287.9,287.9,286.7,286.7
2016-08-25,287.29,287.29,284.2,284.89
2016-08-26,284.2,284.9,283.22,284.89
2016-08-29,285.2,287.28,283.3,283.5
2016-08-30,283.9,285,283,283.99
2016-08-31,284.99,284.99,282.62,283.19
2016-09-01,282.52,283.5,281.41,281.49
2016-09-02,281.45,282.95,280.86,282.46
2016-09-05,284.54,285.75,282.65,285.33
2016-09-06,286.25,286.3,285.4,286.3
2016-09-07,286.3,290.45,286,289.37
2016-09-08,289.48,289.5,288.2,289.2
2016-09-09,289.69,289.69,287.51,287.7
2016-09-12,288.58,288.58,285.55,286.39
2016-09-13,285.55,286.84,285.2,286.15
2016-09-14,285.99,286.1,283.5,284.95
2016-09-19,285.1,285.1,282.2,283.8
2016-09-20,283.41,284,283.2,283.5
2016-09-21,284.49,284.5,283,284.4
2016-09-22,285.2,286.9,284.95,286.85
2016-09-23,286.85,288.09,286.5,286.8
2016-09-26,287.97,287.97,286.67,287.12
2016-09-27,287.3,288,286.79,287.49
2016-09-28,287.65,287.65,284.6,284.91
2016-09-29,284.65,285.39,284.18,284.54
2016-09-30,284.99,285.2,283.01,284.95
2016-10-10,284.95,284.95,272,273.32
2016-10-11,273.12,273.64,272.5,273.35
2016-10-12,273.1,273.49,272.37,272.65
2016-10-13,273.1,273.95,272,273.21
2016-10-14,272.83,274,272.66,272.8
2016-10-17,272.55,273.5,271.5,273.06
2016-10-18,272.1,275,272.1,274.97
2016-10-19,274.97,274.99,273.8,274.61
2016-10-20,276.98,277.49,276,276
2016-10-21,276.6,276.88,275.21,275.54
2016-10-24,276.55,278.7,275.78,276.89
2016-10-25,276.52,277.99,276.3,277.31
2016-10-26,277.33,278.98,277.21,278.77
2016-10-27,277.99,279.98,277.2,277.68
2016-10-28,278.5,279,277.31,277.55
2016-10-31,277.78,280,277,278.93
2016-11-01,279.4,280.2,278.4,280.11
2016-11-02,281.99,282.85,280.55,282.57
2016-11-03,283.49,284.78,282.85,283.73
2016-11-04,281.5,284.18,281.5,282.94
2016-11-07,283,284.8,281.31,281.38
2016-11-08,281.3,282.99,280.1,280.7
2016-11-09,283.97,289.9,279.22,288.38
2016-11-10,288.3,288.3,282.15,282.6
2016-11-11,282.5,282.89,276.1,278.47
2016-11-14,278.35,280,268,271.99
2016-11-15,272.75,273.78,270.1,273.69
2016-11-16,273.69,275,272.3,273.26
2016-11-17,273,275,273,273.45
2016-11-18,273.8,273.95,270.02,270.7
2016-11-21,271.85,272.88,270.6,272.8
2016-11-22,273.8,273.8,272.1,272.41
2016-11-23,273.7,273.7,272.11,273
2016-11-24,272.55,273.49,270,270.4
2016-11-25,270.99,270.99,264.51,269.36
2016-11-28,269.99,271.86,268.46,270.59
2016-11-29,270.68,271.88,268.6,268.69
2016-11-30,268.61,269.35,266,267.91
2016-12-01,267.5,267.99,263.2,265.54
2016-12-02,265.39,265.5,263.75,265.34
2016-12-05,265.1,267.24,264,265
2016-12-06,265,266.2,263.98,264.69
2016-12-07,265,265.47,264.1,265.45
2016-12-08,265,268.5,264.8,268.49
2016-12-09,268.3,268.3,265.1,266.49
2016-12-12,265.26,265.86,264,265
2016-12-13,264.55,265.4,264,265.34
2016-12-14,265,265.95,264.2,265.93
2016-12-15,265.93,266.7,262.2,263
2016-12-16,262.6,263.3,261.7,262.11
2016-12-19,262.45,263.5,262.02,262.76
2016-12-20,262.88,263.7,261.42,262.06
2016-12-21,262.4,262.65,258.6,260.97
2016-12-22,261.18,261.18,259.05,260
2016-12-23,258.95,260.37,258.7,260.07
2016-12-26,260,261.5,259.8,261.4
2016-12-27,261.4,262,260.6,261.67
2016-12-28,262.5,262.9,260.11,261.91
2016-12-29,261.6,263.2,260.8,262.99
2016-12-30,262.84,265.8,261,263.9
2017-01-03,264.04,265.2,258,263.65
2017-01-04,263.99,265,263.2,264.87
2017-01-05,265.98,265.98,264,264.73
2017-01-06,264.9,265.65,263.5,265.29
2017-01-09,265.06,266,264.66,265.89
2017-01-10,265.89,268.6,265.89,268.11
2017-01-11,268.88,269.88,268,269.09
2017-01-12,269,269.77,266.75,269.33
2017-01-13,270.6,270.6,268.42,268.79
2017-01-16,269,270.99,268.15,270.5
2017-01-17,270.98,272.51,270,272.18
2017-01-18,273,273,270.95,271.03
2017-01-19,273,273,268,268.03
2017-01-20,268.99,269.36,268,269.05
2017-01-23,269.33,271,268.15,270.28
2017-01-24,270.48,270.66,269.7,269.85
2017-01-25,270.49,271.15,267.7,268.07
2017-01-26,268.99,268.99,265.8,266.25
2017-02-03,266.25,270.1,266.25,269.3
2017-02-06,268.01,272.4,267.3,271.79
2017-02-07,272.2,274.7,272.2,274.16
2017-02-08,274.2,275.39,273.85,274.35
2017-02-09,275.97,277.65,275.51,276.31
2017-02-10,276.2,276.69,272.8,272.83
2017-02-13,273.97,275.01,273.1,274.64
2017-02-14,274.98,274.98,272.7,274.06
2017-02-15,274.49,274.59,273,273.4
2017-02-16,273.99,275.45,272.1,274.93
2017-02-17,275.5,276.1,275.11,275.75
2017-02-20,275.75,276.66,274.9,275.5
2017-02-21,276.49,276.49,275.01,275.55
2017-02-22,274.86,276.45,274.5,275.6
2017-02-23,276.48,276.48,275.3,276.2
2017-02-24,276.59,279.84,276.01,279.63
2017-02-27,281.2,281.2,278.81,280.6
2017-02-28,280.4,281.9,279.45,281.83
2017-03-01,280,280.35,277.4,278
2017-03-02,278,279.43,277,278.35
2017-03-03,278.49,278.5,275.7,276.23
2017-03-06,275.5,277,275.39,276.54
2017-03-07,276.5,276.9,275.3,275.37
2017-03-08,275.9,275.9,273.71,273.79
2017-03-09,274.6,274.6,271.8,272.22
2017-03-10,272.69,273.49,270.2,270.41
2017-03-13,271.78,274.15,270.12,272.9
2017-03-14,271,273.88,270.15,271.3
2017-03-15,272,272.1,271,271.51
2017-03-16,271.4,276.2,271,275.89
2017-03-17,275.02,276.48,275.01,275.62
2017-03-20,275.62,277.2,275.62,277.07
2017-03-21,276.7,277.25,275.7,275.75
2017-03-22,276.2,278.95,276.2,278.2
2017-03-23,278.2,278.6,277.81,278.21
2017-03-24,278.4,279.28,277.6,277.88
2017-03-27,278.35,281,277.88,280.53
2017-03-28,280.5,281.19,280,280.23
2017-03-29,280.5,281.17,279.35,279.74
2017-03-30,279.52,279.99,279.3,279.6
2017-03-31,278.48,279.93,277.6,277.81
2017-04-05,277.81,280.7,277.81,280.63
2017-04-06,280.49,280.55,278.8,280.21
2017-04-07,280.35,284.43,279.7,282.93
2017-04-10,282.9,284.48,280.51,281.39
2017-04-11,281.39,281.9,280,281.84
2017-04-12,282.49,285.6,281.5,284.41
2017-04-13,285.58,300,284,286.69
2017-04-14,286.99,287,285.8,286.6
2017-04-17,287.45,288.5,286.41,286.9
2017-04-18,289.99,289.99,285.75,286.13
2017-04-19,285.8,286.69,284.9,285.75
2017-04-20,285.99,285.99,284.9,285.49
2017-04-21,285,285.7,284.9,285.36
2017-04-24,286,286.82,283.45,283.57
2017-04-25,283.6,284.2,282.5,283.3
2017-04-26,289,289,281.09,282.05
2017-04-27,282,283.2,282,282.59
2017-04-28,283.8,283.8,281.51,283.45
2017-05-02,281.99,281.99,280.8,280.94
2017-05-03,281.6,281.6,280.03,280.37
2017-05-04,289.99,289.99,275.6,276.19
2017-05-05,278,278,274.03,275.87
2017-05-08,280.5,280.5,275,275.5
2017-05-09,276.88,276.88,274.55,275.2
2017-05-10,275.24,275.24,273,273.89
2017-05-11,274.88,274.88,273.6,274.26
2017-05-12,274.68,275.7,273.9,275.51
2017-05-15,275.39,276.5,274.65,276.29
2017-05-16,276.99,278,276.11,276.7
2017-05-17,277.49,277.88,276.31,277.61
2017-05-18,280,281.25,278,279.82
2017-05-19,298,298,278.21,279.26
2017-05-22,280.68,280.68,279.03,280
2017-05-23,280,281.6,280,281.4
2017-05-24,281.4,281.69,278.5,278.5
2017-05-25,279.75,280.5,278.7,279.75
2017-05-26,280.99,280.99,279,280.35
2017-05-31,280.35,280.35,278.81,279
2017-06-01,279.7,280,278.58,278.99
2017-06-02,279.59,279.59,277.82,278.16
2017-06-05,276.8,282,273,281.87
2017-06-06,278,283.48,278,283.2
2017-06-07,285,285,283.2,283.75
2017-06-08,283.75,283.83,282.51,282.7
2017-06-09,283.19,283.19,279.5,279.72
2017-06-12,280.74,280.74,278.48,278.85
2017-06-13,279.75,279.75,278,278.35
2017-06-14,279.6,279.72,277.8,279.3
2017-06-15,279.35,281.33,277.3,277.47
2017-06-16,277.47,277.47,276.11,276.9
2017-06-19,278,278,276.01,276.25
2017-06-20,277.5,277.5,275.49,276.01
2017-06-21,276.5,276.5,275,275.79
2017-06-22,276.22,277.55,275.2,277.47
2017-06-23,277.47,277.88,277.05,277.78
2017-06-26,278.29,278.8,277.9,277.9
2017-06-27,277,277,274.8,276.56
2017-06-28,275.55,276.99,275.55,275.94
2017-06-29,277.08,277.08,274.81,275.03
2017-06-30,275,275,272.85,273.1
2017-07-03,270,273.65,270,271.84
2017-07-04,272.15,272.15,269.1,270.38
2017-07-05,271.5,271.5,269.5,270.02
2017-07-06,270.2,271.1,269,270.12
2017-07-07,270.49,270.79,269.3,269.8
2017-07-10,271,271,265.6,265.77
2017-07-11,267.5,268,266.1,267.55
2017-07-12,267.99,269.39,266.95,268.9
2017-07-13,268.91,269.8,268.19,269.1
2017-07-14,269.8,269.8,267.55,267.79
2017-07-17,268.98,270.79,268.7,270.3
2017-07-18,271.48,271.65,270.6,270.85
2017-07-19,271.49,271.9,270.75,271.35
2017-07-20,272,272,271.25,271.29
2017-07-21,272.8,273.2,271.17,273.19
2017-07-24,273.5,274.46,273.38,273.8
2017-07-25,274.01,274.47,273.58,273.84
2017-07-26,273.5,273.82,271.7,272.3
2017-07-27,273,275.3,271.56,274.6
2017-07-28,274.51,275.45,274.01,274.29
2017-07-31,275.35,276.1,273.93,275.1
2017-08-01,276.48,276.48,273,275.3
2017-08-02,275.3,276,274.61,274.8
2017-08-03,275.5,275.64,273.4,273.4
2017-08-04,276,276,274.08,275.26
2017-08-07,275.5,275.6,272.9,273.37
2017-08-08,273.49,273.54,272.45,273.02
2017-08-09,274.49,276.69,271.8,274.14
2017-08-10,274.99,275.98,274.36,275.29
2017-08-11,276,277.28,275.99,276.72
2017-08-14,277.48,277.99,276.06,276.6
2017-08-15,277,277,274.58,274.7
2017-08-16,275.22,275.22,273.71,274.5
2017-08-17,275.16,277.5,274.26,277
2017-08-18,277.81,278.7,276.5,278.5
2017-08-21,278.5,279.6,276.5,277.51
2017-08-22,277.51,278.3,276.27,276.67
2017-08-23,277.52,277.68,276.3,277
2017-08-24,278.22,278.22,276.91,277.08
2017-08-25,277.99,277.99,276.73,276.8
2017-08-28,277.59,278.42,275.46,278.21
2017-08-29,278.88,281.5,277.5,281.17
2017-08-30,281.5,281.85,277.98,278
2017-08-31,279.5,279.5,277.4,277.91
2017-09-01,278.65,280.48,278.1,279.54
2017-09-04,280.48,282.67,279.26,282.04
2017-09-05,282.04,282.04,280.7,281.2
2017-09-06,281.2,282.49,280.61,282.44
2017-09-07,282.98,282.98,280.98,281.39
2017-09-08,281.99,282.35,281.1,281.75
2017-09-11,282.6,282.6,280.8,281.49
2017-09-12,282,282,279.38,279.85
2017-09-13,279.4,280.75,279.4,280.67
2017-09-14,281.98,281.98,279.37,279.8
2017-09-15,280.2,281.49,279.28,280.2
2017-09-18,280.2,280.7,278.65,278.93
2017-09-19,278.93,279.6,278,278.65
2017-09-20,280,280,278.5,278.89
2017-09-21,279.39,279.96,276.1,276.45
2017-09-22,277,277.39,275.5,277.3
2017-09-25,276.4,277.98,275.71,276.55
2017-09-26,276.5,280.86,276.3,280.1
2017-09-27,280.1,280.2,277.65,277.65
2017-09-28,278.29,278.29,276.2,276.67
2017-09-29,277.49,277.85,275.5,277.45
2017-10-09,274.76,276.94,274.76,276.3
2017-10-10,277.32,277.32,275.65,276.21
2017-10-11,277.8,277.8,275.1,275.1
2017-10-12,276.35,276.68,274.9,276.25
2017-10-13,276.75,276.75,275.49,276.5
2017-10-16,276.51,278.15,276.1,278.05
2017-10-17,278.5,278.5,276.2,276.62
2017-10-18,277.5,277.5,275.16,275.7
2017-10-19,275.75,275.8,274.43,274.9
2017-10-20,276.8,276.8,274.81,274.82
2017-10-23,275.85,275.85,273.95,274.08
2017-10-24,273.81,275.7,273.3,275.01
2017-10-25,275,275,273.72,273.89
2017-10-26,273.51,274.88,273.51,274.5
2017-10-27,274.99,274.99,272.6,272.93
2017-10-30,273.5,273.76,272.4,272.92
2017-10-31,273.75,274.1,273.01,273.94
2017-11-01,274.3,274.3,272.61,273.45
2017-11-02,273.99,273.99,272.7,273.34
2017-11-03,273.5,273.98,272.81,273.6
2017-11-06,274.02,274.12,272.78,273
2017-11-07,273.65,274.77,273.1,274.34
2017-11-08,274.98,274.98,273.22,274.57
2017-11-09,274.85,275.45,274.5,275.37
2017-11-10,276.52,276.52,275.04,275.94
2017-11-13,276.9,277.21,274.7,274.99
2017-11-14,276,276,274.44,274.49
2017-11-15,274.49,275.3,273.75,275.05
2017-11-16,275.99,275.99,274,274
2017-11-17,275.18,275.18,274.25,274.85
2017-11-20,275.5,276.51,274.5,276.3
2017-11-21,276.79,276.79,274.66,274.89
2017-11-22,275.42,275.82,274,274.74
2017-11-23,275.68,275.68,274.1,275.2
2017-11-24,275.9,275.9,274.8,275.25
2017-11-27,274.55,275.35,274.49,275.34
2017-11-28,275.95,276.3,274.11,275.7
2017-11-29,276,276.25,275.51,276.2
2017-11-30,276.49,276.49,274.05,274.39
2017-12-01,274.9,274.9,272.7,272.83
2017-12-04,273.49,274.29,271.8,272.65
2017-12-05,273.48,273.48,272,272.87
2017-12-06,272.99,272.99,270.77,271.43
2017-12-07,271.91,271.91,268.95,269.28
2017-12-08,269.8,269.8,267.49,267.79
2017-12-11,269,269,266.92,268.28
2017-12-12,268.67,268.67,266.9,267.5
2017-12-13,267.9,267.9,266.48,267.79
2017-12-14,267.79,270.1,267,270
2017-12-15,270.88,270.88,268.8,269.57
2017-12-18,270.3,270.3,269.16,269.9
2017-12-19,270.88,271.45,269.69,271.31
2017-12-20,271.49,271.5,270,270.68
2017-12-21,271.5,271.5,269.7,270.15
2017-12-22,270.49,270.6,269.7,270.54
2017-12-25,270.85,272.18,270.31,271.55
2017-12-26,272.49,272.49,271.49,271.92
2017-12-27,273.5,273.5,271.4,272.75
2017-12-28,272.99,274.3,272.3,273.5
2017-12-29,273.39,274.34,273,273
2018-01-02,274,275.6,274,275.3
2018-01-03,274.7,277.09,274.7,276
2018-01-04,277.16,277.16,274.85,275.19
2018-01-05,275.99,277.1,274.82,276.26
2018-01-08,277.5,277.5,275.5,276.6
2018-01-09,277.66,277.66,275.85,277.19
2018-01-10,277.1,277.59,276.5,276.65
2018-01-11,277.45,278.9,277.45,277.8
2018-01-12,278.2,278.65,277.9,278.38
2018-01-15,279.21,279.54,278,279.54
2018-01-16,280,280,278.39,278.8
2018-01-17,278.18,279.2,277.5,277.65
2018-01-18,278.92,278.92,276.05,276.15
2018-01-19,276.99,276.99,275.5,275.6
2018-01-22,276.8,276.8,275.9,275.95
2018-01-23,276.78,277.28,276,277.14
2018-01-24,277.1,277.98,276.65,277.84
2018-01-25,278.5,279.35,278,278.87
2018-01-26,279.17,279.17,276.71,277.5
2018-01-29,277.48,277.87,275.88,275.98
2018-01-30,276,276.2,273.66,274
2018-01-31,275.35,275.35,273.8,274.05
2018-02-01,273.55,274,273.4,273.4
2018-02-02,273,274.19,272.8,273.75
2018-02-05,273.5,273.98,271.2,271.49
2018-02-06,272.62,274.49,271.2,273.24
2018-02-07,273.67,273.67,269.1,269.79
2018-02-08,270.32,270.32,267.55,269.3
2018-02-09,270,270.99,268.3,269.55
2018-02-12,269.55,270.15,268.41,270.1
2018-02-13,270.29,271.39,269.35,271.14
2018-02-14,272.44,273.35,270.85,273.21
2018-02-22,272,272,271,271.36
2018-02-23,272.45,272.45,271.2,271.96
2018-02-26,273.35,273.7,271.51,273.6
2018-02-27,274.4,274.4,271.9,272.36
2018-02-28,272.3,272.3,269.24,270.3
2018-03-01,271.49,271.49,269.58,269.78
2018-03-02,270.49,271.07,269,270.9
2018-03-05,271.98,272.1,270.5,272.09
2018-03-06,272.5,272.5,270.71,271.15
2018-03-07,272.7,273.27,271.8,272.3
2018-03-08,273.7,273.7,271.6,272.21
2018-03-09,272.8,272.8,270.3,270.6
2018-03-12,272.2,272.2,269.8,270.8
2018-03-13,270.8,271,269.96,270.7
2018-03-14,271.1,271.65,270.27,271.12
2018-03-15,271.12,271.4,270.66,270.97
2018-03-16,271.04,271.04,269.5,270.21
2018-03-19,270.81,270.81,268.28,268.6
2018-03-20,269.16,269.6,268.51,269.51
2018-03-21,269.6,269.8,268.65,269.74
2018-03-22,270.12,272.4,269.52,272.1
2018-03-23,272.62,274.98,271.62,274.97
2018-03-26,275.12,275.4,274.16,274.18
2018-03-27,275.8,275.8,273.8,274.1
2018-03-28,274.26,274.26,272.45,272.52
2018-03-29,272.52,272.52,269.4,269.9
2018-03-30,269.04,270.6,269.04,270.56
2018-04-02,271.11,271.5,270,270.84
2018-04-03,271.85,272.68,271,272.44
2018-04-04,272.47,272.48,270.77,272.16
2018-04-09,272.2,272.2,271.35,271.5
2018-04-10,272.35,272.79,271.42,271.97
2018-04-11,272.76,273.24,271.69,272.9
2018-04-12,274.18,275,273.14,274.08
2018-04-13,274.08,274.08,271.95,272.1
2018-04-16,272.42,273.79,271.7,272.89
2018-04-17,273.4,273.55,272.99,273.5
2018-04-18,273.57,273.57,272.3,273.04
2018-04-19,273.89,274.5,273.5,274.09
2018-04-20,274.09,274.09,272.71,272.88
2018-04-23,273.82,273.82,271.38,271.45
2018-04-24,271.52,271.52,270.65,271.09
2018-04-25,271.67,271.67,270.5,270.51
2018-04-26,270.4,271.28,270.3,271.27
2018-04-27,271.29,271.29,269.9,270.3
2018-05-02,270.3,270.3,268.76,269.84
2018-05-03,270.62,270.62,268.9,269.4
2018-05-04,270.53,270.53,269.22,269.48
2018-05-07,270.62,270.95,269.5,269.99
2018-05-08,270.71,270.71,269.99,270.35
2018-05-09,271.3,271.3,269.29,269.61
2018-05-10,270.62,270.62,269.7,270.1
2018-05-11,270.4,270.8,270.22,270.79
2018-05-14,271.42,271.42,270.33,270.52
2018-05-15,270.3,270.55,269.04,269.47
2018-05-16,269.62,269.62,266.45,267.1
2018-05-17,267,267,265.2,265.49
2018-05-18,267,267,265.41,265.8
2018-05-21,265.85,266.27,264.8,265.32
2018-05-22,266.8,266.8,265,266.01
2018-05-23,267.8,267.8,265.9,266.49
2018-05-24,268.8,268.8,266.15,267.65
2018-05-25,267.5,268.96,267.03,268.87
2018-05-28,269.5,269.5,267.6,267.8
2018-05-29,268.58,268.92,267.6,268.4
2018-05-30,269.88,270,268.31,268.85
2018-05-31,270,270,268.92,269.54
2018-06-01,270.55,270.55,268.7,269.09
2018-06-04,270,270,267.67,267.94
2018-06-05,269.17,269.17,267.23,267.5
2018-06-06,268.11,268.4,267.4,267.87
2018-06-07,267.94,268.3,267.3,268.09
2018-06-08,268.9,268.9,267.55,268.13
2018-06-11,269.12,269.12,268.01,268.26
2018-06-12,269.08,269.08,268.1,268.11
2018-06-13,268.99,268.99,267.15,267.86
2018-06-14,268.79,269,267.6,268.93
2018-06-15,269,269.8,268.61,268.67
2018-06-19,268,268,266.8,267.82
2018-06-20,267.82,267.82,266.2,266.3
2018-06-21,268,268,265.25,265.75
2018-06-22,266.21,266.75,265,266.68
2018-06-25,267.3,267.6,266.41,267.16
2018-06-26,269,269,267.01,267.2
2018-06-27,266.99,267.75,266.6,267.56
2018-06-28,267.65,267.75,267,267
2018-06-29,267.4,267.77,266.9,267.38
2018-07-02,267.95,268.22,267.2,267.42
2018-07-03,268.9,268.9,267.5,267.84
2018-07-04,268.6,269.4,267.8,268.4
2018-07-05,269.39,269.39,268.25,268.29
2018-07-06,267.56,269.35,267.56,269.21
2018-07-09,269.9,269.9,268.85,269.1
2018-07-10,270,270,268.1,268.25
2018-07-11,268.3,269.9,268,269
2018-07-12,269.4,269.4,267.9,267.99
2018-07-13,268.8,268.8,267.75,267.8
2018-07-16,269,269,267.7,268.15
2018-07-17,269.5,269.5,267.25,267.87
2018-07-18,269,269,264.9,265.47
2018-07-19,267,267,265.55,266.29
2018-07-20,266.37,267.5,265.5,267.48
2018-07-23,267.8,268.55,266.6,268.4
2018-07-24,269,269,267.9,268.43
2018-07-25,269.5,269.5,268,268
2018-07-26,268.95,268.95,268.1,268.58
2018-07-27,268.9,268.9,268.25,268.25
2018-07-30,268.82,268.94,268.21,268.29
2018-07-31,268.8,268.9,268.09,268.65
2018-08-01,269,269,267.91,268.24
2018-08-02,269,269,267.9,267.93
2018-08-03,269,269,267.53,267.81
2018-08-06,269,269,267.15,267.6
2018-08-07,268.5,268.5,267.08,267.61
2018-08-08,267.5,267.6,266.5,267.2
2018-08-09,266.9,267.39,266.52,267.14
2018-08-10,268.3,268.3,266.95,267.24
2018-08-13,268.3,268.3,267.6,267.72
2018-08-14,267.72,267.72,265.48,265.51
2018-08-15,266.49,266.49,264.85,264.97
2018-08-16,265.69,265.69,260.75,262.39
2018-08-17,262.8,262.8,261.5,261.59
2018-08-20,262.35,263.18,261.6,263.18
2018-08-21,263.3,264.59,262.95,264.51
2018-08-22,264.7,264.7,263.1,264.1
2018-08-23,264.3,270,263.8,264.26
2018-08-24,264.75,265,263.75,264.6
2018-08-27,264.6,265.8,264,265.3
2018-08-28,266.01,266.58,264.7,266.34
2018-08-29,266.6,266.6,264.81,265.69
2018-08-30,265.7,266,265.38,266
2018-08-31,265.65,266.5,265.12,266.47
2018-09-03,267,267,265,265
2018-09-04,265.49,265.49,264,264.14
2018-09-05,264.14,264.35,263.7,263.91
2018-09-06,265,265.1,263.7,264.8
2018-09-07,265.8,265.83,264.8,265.22
2018-09-10,265.76,265.76,264.66,265.19
2018-09-11,266,266,264.67,265.38
2018-09-12,266,266,264,265.2
2018-09-13,265.98,266.42,264.61,266.15
2018-09-14,266.6,266.98,265.71,266.72
2018-09-17,268,268,265.5,265.69
2018-09-18,266.88,267,265.67,265.79
2018-09-19,267.48,267.48,265.9,266.69
2018-09-20,266.05,266.92,266.05,266.54
2018-09-21,267.45,267.9,266.37,267.7
2018-09-25,267.8,267.8,266,266.53
2018-09-26,266.95,267.15,266.5,267.1
2018-09-27,267.8,267.8,265.98,266.3
2018-09-28,266,266,263.6,264.06
2018-10-08,268.49,268.49,264.6,266.98
2018-10-09,267.49,267.49,266.08,266.72
2018-10-10,267.3,267.3,266,266.46
2018-10-11,266.68,268.3,266.3,268.28
2018-10-12,269.45,272.35,268.31,271.35
2018-10-15,272.68,274.8,270.11,274.45
2018-10-16,275.12,275.4,273.51,274.25
2018-10-17,275.25,275.25,273.2,273.74
2018-10-18,274.76,274.76,273.39,273.65
2018-10-19,274.49,275.38,274.06,274.2
2018-10-22,275,275.1,274.2,274.7
2018-10-23,274.95,276.69,273.6,276.32
2018-10-24,277.65,277.96,275.9,276.21
2018-10-25,276.45,278,270.01,276.5
2018-10-26,277.35,277.5,276.36,277.48
2018-10-29,277.5,278.6,276.7,277.2
2018-10-30,277.3,277.39,275.8,275.8
2018-10-31,275.95,276.94,273.8,273.8
2018-11-01,275.02,275.02,273.5,274.85
2018-11-02,275.66,275.9,274.34,274.34
2018-11-05,275.5,275.79,273.82,275.52
2018-11-06,276.32,276.32,274.7,274.86
2018-11-07,276.52,276.52,274.4,275.22
2018-11-08,276.09,276.09,273.7,273.86
2018-11-09,274.3,274.55,273.39,273.48
2018-11-12,275,275,271.11,271.25
2018-11-13,272.02,272.02,270.3,270.6
2018-11-14,270.6,270.8,269.85,270.13
2018-11-15,270.45,272.1,269.66,272.09
2018-11-16,272.09,272.73,270.53,272.69
2018-11-19,273.47,274.1,272.12,273.71
2018-11-20,273.98,274.55,273.5,274.42
2018-11-21,274.75,275.04,273.51,274.38
2018-11-22,274.75,274.95,273.52,274.65
2018-11-23,274.65,275.35,274.6,274.61
2018-11-26,274.4,275.2,274.1,275
2018-11-27,275,275.01,274,274.19
2018-11-28,275.2,275.2,272.6,272.9
2018-11-29,273.49,275.05,272.8,274.6
2018-11-30,273.91,275.88,273.91,274.65
2018-12-03,274.95,274.95,273.65,274.27
2018-12-04,275.6,275.6,273.9,274.06
2018-12-05,274.39,274.7,274.03,274.28
2018-12-06,274.69,275.87,274.18,275.3
2018-12-07,276.29,276.42,275.01,275.8
2018-12-10,276.67,279,276,278.83
2018-12-11,278.83,278.83,277.85,278.09
2018-12-12,278.09,278.69,277,277.45
2018-12-13,277.85,278.5,276.8,278.26
2018-12-14,277.5,277.5,276.61,277.48
2018-12-17,277.5,277.5,276.3,276.8
2018-12-18,278,278.6,276.99,278.59
2018-12-19,278.81,278.94,278.4,278.89
2018-12-20,279,279.8,278,278.99
2018-12-21,280.8,281.2,279.01,280.96
2018-12-24,281.28,282.4,280.5,281.76
2018-12-25,282.25,284,281.3,283.4
2018-12-26,284,284.49,283.1,284.21
2018-12-27,284.21,284.21,282.8,282.87
2018-12-28,283.99,284.9,283,284.6
2019-01-02,283.98,285.88,283.98,285.8
2019-01-03,285.89,287.98,285.3,287.31
2019-01-04,287.31,289.3,285.72,287.49
2019-01-07,287.49,288,284.8,286.18
2019-01-08,287.37,287.37,284.6,284.75
2019-01-09,286,286,283.65,283.88
2019-01-10,285,285.3,282.51,283.84
2019-01-11,284.99,284.99,282.61,283.2
2019-01-14,283.49,283.5,282.03,283.5
2019-01-15,283.95,284.25,282.2,282.32
2019-01-16,284,284,282.02,282.97
2019-01-17,283.3,283.4,282.2,283.1
2019-01-18,284,284,283.1,283.28
2019-01-21,284,284,281.87,282.18
2019-01-22,282.6,282.89,279.35,282.82
2019-01-23,284,284,282.13,282.34
2019-01-24,283.49,283.49,282.1,282.6
2019-01-25,282.6,282.6,281.7,282.39
2019-01-28,282.75,284.8,281.53,284.45
2019-01-29,284.98,286.1,283.55,285.92
2019-01-30,286.7,293.49,286.1,286.72
2019-01-31,286.55,286.8,285.61,286.7
2019-02-01,287.15,287.85,286.68,287.42
2019-02-11,286.51,287.8,286.51,287.43
2019-02-12,287.75,291.8,281.4,287.8
2019-02-13,288.49,288.49,287.07,287.07
2019-02-14,287.42,288.16,286.01,286.5
2019-02-15,286.7,288.57,286.06,288.41
2019-02-18,289,290.08,288.2,289.98
2019-02-19,290.8,291,289.1,290.67
2019-02-20,292.2,293.18,291,292.33
2019-02-21,293.8,293.8,290.56,290.71
2019-02-22,291.49,291.49,288.5,288.91
2019-02-25,288.91,289.8,287.62,288.33
2019-02-26,289.2,289.2,287.2,288
2019-02-27,288.97,288.97,280.6,287.89
2019-02-28,287.08,287.98,285.1,286.02
2019-03-01,288.2,288.2,284.4,284.49
2019-03-04,285.76,285.76,280.7,280.71
2019-03-05,280.73,280.73,278,279.5
2019-03-06,280.97,281.5,278.5,281.25
2019-03-07,281.25,284.49,279.7,280
2019-03-08,281.31,282.55,279.51,282.54
2019-03-11,283.5,284.29,282.2,283.5
2019-03-12,284,284,282.5,282.8
2019-03-13,283.98,284.88,283,284.86
2019-03-14,285.99,285.99,284.14,284.14
2019-03-15,284.14,284.4,282.6,284.29
2019-03-18,285,285,283.25,284.28
2019-03-19,284.85,285.3,283.03,285.2
2019-03-20,285.8,285.8,284.2,284.59
2019-03-21,285.48,286.6,283.7,286.5
2019-03-22,286.95,286.95,285.01,286.5
2019-03-25,286.88,287.3,286,287.21
2019-03-26,287.5,288.18,286.26,287.65
2019-03-27,287.65,287.8,286.67,287.1
2019-03-28,289,289,286.3,286.49
2019-03-29,285.61,286.5,281,281
2019-04-01,284.2,284.2,281.4,282
2019-04-02,283,283,281.35,281.51
2019-04-03,283,283,281.12,282.05
2019-04-04,283,283,281.71,282.71
2019-04-08,282.2,283.89,282.2,283.62
2019-04-09,283.62,284.78,283.62,283.8
2019-04-10,284.7,285.2,284.3,285.1
2019-04-11,285.45,285.8,284.35,285.15
2019-04-12,286,286,282.68,282.8
2019-04-15,283.45,283.45,281.2,281.45
2019-04-16,281.95,282.2,280.61,281.38
2019-04-17,281.49,281.49,279.2,279.7
2019-04-18,280.68,280.68,277.5,278.7
2019-04-19,280.2,280.2,278.07,279.61
2019-04-22,280,282,279.2,280.12
2019-04-23,280.95,280.95,278.2,279.16
2019-04-24,279.5,279.5,277.75,278.5
2019-04-25,280,280.25,278.11,280.1
2019-04-26,280.88,281,279.02,281
2019-04-29,281.98,281.98,279.99,280.49
2019-04-30,280.5,280.98,279.5,280.88
2019-05-06,283,283,281.8,282.06
2019-05-07,282.07,282.3,281,281.75
2019-05-08,280.71,283.09,280.71,282.65
2019-05-09,283,283.97,281.1,283.5
2019-05-10,282.8,284.15,282.8,283.32
2019-05-13,282.09,285.35,282.09,285.05
2019-05-14,286.12,289.48,285,288.7
2019-05-15,289.5,289.5,287.5,287.59
2019-05-16,289.45,289.45,288.1,288.71
2019-05-17,289.35,289.35,286.85,288
2019-05-20,289,289,286.23,287.19
2019-05-21,287.89,287.89,286.06,286.6
2019-05-22,287,287,285.3,286.37
2019-05-23,286.37,287.04,285.91,286.61
2019-05-24,288.48,288.83,287,288.54
2019-05-27,288.75,288.75,287.55,288.37
2019-05-28,288.88,288.88,287.8,288.5
2019-05-29,287.51,288.7,287,288.69
2019-05-30,287.95,288.99,287,287.1
2019-05-31,288.37,290.87,287.5,290.8
2019-06-03,291,294.57,290.89,294.51
2019-06-04,295.49,297.66,294.3,297.59
2019-06-05,297.59,299.08,295.9,298.97
2019-06-06,300,301,297.6,299.32
2019-06-10,299.32,299.9,298.2,298.77
2019-06-11,299.5,299.5,297,297
2019-06-12,298,300.51,296.08,299.61
2019-06-13,299.61,300.5,299.01,300.41
2019-06-14,301.45,305.37,299.6,305.04
2019-06-17,306,306.01,301.2,301.35
2019-06-18,301.5,304,301.5,303.6
2019-06-19,304.95,305,300,302.21
2019-06-20,305.3,310,301.01,308.58
2019-06-21,310,313.9,307.8,311
2019-06-24,312,314.66,310.7,313.26
2019-06-25,315.99,322,313.8,319.91
2019-06-26,321,321,310.02,314.44
2019-06-27,315,316,312,313.89
2019-06-28,312.1,317.85,312.1,314.43
2019-07-01,313.66,316.65,306.2,307.6
2019-07-02,306.8,310.09,306.8,309.77
2019-07-03,310.88,321.8,309.51,318
2019-07-04,318,318,314.52,315.01
2019-07-05,315.95,317,315,315.71
2019-07-08,316.25,316.25,310.52,314.07
2019-07-09,314.88,314.88,311.12,311.49
2019-07-10,311.45,312.39,310.85,311.14
2019-07-11,312.49,318,306.99,316.5
2019-07-12,316.99,317.89,313.5,314.6
2019-07-15,314.99,315.8,313.51,315
2019-07-16,315,315.6,312,315.38
2019-07-17,315.8,315.8,313.3,313.75
2019-07-18,314.45,318.1,313.45,316.55
2019-07-19,317.96,321.98,316,320.45
2019-07-22,329.99,329.99,317.5,318.45
2019-07-23,320,320,315.8,316.45
2019-07-24,316.66,319,316.66,317.55
2019-07-25,319,319.97,316.03,317.67
2019-07-26,319.97,319.97,315.2,316.84
2019-07-29,318.8,318.8,315.5,317.13
2019-07-30,320,320,316.9,318.47
2019-07-31,318.66,320,318,319.94
2019-08-01,321,329.04,314.44,315.21
2019-08-02,317,324,314.1,322.67
2019-08-05,323.3,332.6,313.33,331.99
2019-08-06,333.6,337.4,332,333.07
2019-08-07,333.75,340.5,330.55,340.3
2019-08-08,345,346.49,340.5,343.33
2019-08-09,342,345,340.02,343.4
2019-08-12,344.35,344.95,341.13,341.16
2019-08-13,345.88,350.02,342.84,350
2019-08-14,350.49,352.05,340,341.65
2019-08-15,347,347.5,342.86,344.6
2019-08-16,351.7,351.7,344.06,345.7
2019-08-19,345.7,345.92,343.18,344.28
2019-08-20,342.28,343.5,341.22,343.13
2019-08-21,344.75,344.75,342.5,342.5
2019-08-22,345,345,342.01,343.8
2019-08-23,341.5,344.7,341.5,343
2019-08-26,345,358,342.2,355.09
2019-08-27,357,357,353.1,355.72
2019-08-28,356.45,359,355.2,357.2
2019-08-29,360,369.24,356.2,358.9
2019-08-30,358.9,358.9,353,354.09
2019-09-02,356,356,352.01,352.99
2019-09-03,354.25,355.5,353.41,355.2
2019-09-04,356.88,360.1,355.01,356.89
2019-09-05,358,359.89,355.68,358.03
2019-09-06,358.88,358.88,347.1,348.74
2019-09-09,350,352.41,345.15,348.2
2019-09-10,349.95,349.95,342.22,343.38
2019-09-11,347,347,341.11,344.09
2019-09-12,347,347,342.36,344.8
2019-09-16,344.9,346,343.8,344.4
2019-09-17,345.85,346.85,340,343.7
2019-09-18,345.28,345.49,343.1,344.84
2019-09-19,345.75,346,342,343.52
2019-09-20,344.58,345.96,343.59,345.14
2019-09-23,347,350,343,348.69
2019-09-24,350.5,351.48,347.66,349.87
2019-09-25,352.59,352.98,348.01,352.15
2019-09-26,354,354,347.15,347.2
2019-09-27,346.02,349.5,344.44,345.25
2019-09-30,343.33,347.99,342.03,344.49
2019-10-08,344.33,344.46,342.6,344
2019-10-09,349,349,344.1,348.39
2019-10-10,350,350,343.01,346.41
2019-10-11,347.68,347.68,342.56,344.56
2019-10-14,344.56,344.56,337.95,339.84
2019-10-15,341.48,341.8,339.01,341.11
2019-10-16,335,342.5,335,340.14
2019-10-17,343,343,338.01,341.47
2019-10-18,341.47,342.58,339,340.36
2019-10-21,341.35,341.35,339.01,340.77
2019-10-22,342.5,342.5,338.61,340.16
2019-10-23,340.95,341,338.67,340.58
2019-10-24,285,343,285,339.94
2019-10-25,341.5,344,340.4,343.8
2019-10-28,345.75,346,342.11,343.64
2019-10-29,346,346,339.8,340.68
2019-10-30,340.35,340.75,338.21,339.8
2019-10-31,340.95,340.95,339.35,340.3
2019-11-01,340.3,343.66,340.3,343.27
2019-11-04,342.65,343.97,341.6,342.52
2019-11-05,345,345,340.4,340.99
2019-11-06,343,343,335.01,336.05
2019-11-07,337,337.79,335.2,335.84
2019-11-08,335.38,335.38,329,331.4
2019-11-11,335,335,327.02,330.93
2019-11-12,333,333,326,327.82
2019-11-13,328.98,331.2,321.4,330.9
2019-11-14,330,332.4,330,331.98
2019-11-15,333,333,330.62,331.12
2019-11-18,331.12,331.7,330.56,330.79
2019-11-19,333,333.6,329.51,332.45
2019-11-20,333.88,334.3,331.52,333.6
2019-11-21,334.98,334.98,332.78,333.43
2019-11-22,334.68,334.68,331.55,333.9
2019-11-25,334.36,334.36,330.59,330.89
2019-11-26,332.88,332.88,329.05,330.89
2019-11-27,331.95,331.95,329.5,331.5
2019-11-28,332.16,332.16,329.65,330.6
2019-11-29,329.09,331.7,329.09,331.69
2019-12-02,332.36,332.36,330,331.31
2019-12-03,331.4,333,331.02,333
2019-12-04,333.85,339.3,333.5,339.22
2019-12-05,339.98,339.98,335.5,336.49
2019-12-06,337.68,337.68,334.26,334.6
2019-12-09,337.1,337.1,331.61,332.31
2019-12-10,334.49,334.49,331.7,333.43
2019-12-11,332.91,333.53,332.34,332.68
2019-12-12,334,334.85,332.1,334.69
2019-12-13,335,336.9,330,331.75
2019-12-16,332.68,334.16,330.2,334.16
2019-12-17,334.86,334.86,333,333.71
2019-12-18,334.95,334.95,333.24,334.25
2019-12-19,334.9,334.9,332.8,333.52
2019-12-20,334.88,334.98,333.5,334.89
2019-12-23,335.36,336.32,333.05,336.08
2019-12-24,337,337.59,335.43,336.96
2019-12-25,337.88,339.55,336.62,338.59
2019-12-26,339.45,340.1,338.36,339.84
2019-12-27,341.86,342.29,338.11,340.47
2019-12-30,340.7,342.5,340.32,340.43
2019-12-31,340.4,343.5,340.4,340.8
2020-01-02,341.95,343,340.8,341.91
2020-01-03,342.98,347.48,340.9,347.3
2020-01-06,350,355.78,347,354.55
2020-01-07,356,356,350,351.35
2020-01-08,352.99,361,350.15,356.61
2020-01-09,355.55,358.6,344,345.84
2020-01-10,354,354,345.01,346.79
2020-01-13,347.45,348,345.5,345.7
2020-01-14,347.58,347.58,340.5,342.96
2020-01-15,343.98,345.85,342.6,344.97
2020-01-16,347,347,344.8,345.45
2020-01-17,347,347,343.9,344.75
2020-01-20,345.01,345.6,344,345.2
2020-01-21,345.98,348.8,345.1,348.2
2020-01-22,342,347.85,342,345.86
2020-01-23,346,348.1,345.7,347.88
2020-02-03,349,358,349,356.11
2020-02-04,357.8,357.8,353.61,354.06
2020-02-05,356,356,349.5,351.7
2020-02-06,351.7,351.7,348.5,349.39
2020-02-07,353,353,350.1,351.81
2020-02-10,354,354.4,351.15,353
2020-02-11,354.6,354.6,351.69,352.43
2020-02-12,352.64,352.98,350.02,350.89
2020-02-13,352.45,353.99,351,353.46
2020-02-14,354.8,354.8,352.9,353.79
2020-02-17,354.89,355.85,353.93,355.29
2020-02-18,356,357.5,354.82,357.23
2020-02-19,358.5,361.5,357.01,361.11
2020-02-20,364,364,359,362.29
2020-02-21,365,370,363.8,369.78
2020-02-24,372.8,378.49,369.31,376.9
2020-02-25,379,381,368.5,369.53
2020-02-26,374,374,369.5,371.76
2020-02-27,373.16,373.16,367.3,371.3
2020-02-28,371.3,373.2,365.35,365.36
2020-03-02,368.88,368.88,353,359.04
2020-03-03,362.5,362.5,356.8,358.64
2020-03-04,361.98,368,358.82,365
2020-03-05,367.58,367.58,364.01,366.49
2020-03-06,370,375.35,366.49,372.4
2020-03-09,373.67,377.8,367.27,373.46
2020-03-10,373.46,373.69,365.5,367.01
2020-03-11,368.88,370,366.2,370
2020-03-12,373,373,364.8,366.49
2020-03-13,369,369,348.98,356.02
2020-03-16,358.88,358.88,341,345
2020-03-17,340,340,328.15,331.07
2020-03-18,332.98,346,329.01,338.39
2020-03-19,339.75,342,331,336.15
2020-03-20,337,340.5,333.18,340
2020-03-23,342.98,342.98,337.1,339.2
2020-03-24,343,358.96,339,356.71
2020-03-25,363,372,358.01,362.98
2020-03-26,367.98,367.98,361.2,362
2020-03-27,367,367.98,364.12,365.45
2020-03-30,367.7,367.7,363.01,363.99
2020-03-31,364.5,365.55,363.5,364.27
2020-04-01,364.98,364.98,355.08,360
2020-04-02,360.9,361.5,355,360.53
2020-04-03,361.3,364.68,360.23,362.5
2020-04-07,370,377.48,370,371
2020-04-08,372.1,373.5,368.2,370.12
2020-04-09,373,373,368.63,370.3
2020-04-10,370.3,374,360.93,372.1
2020-04-13,372.4,373.79,371.1,371.95
2020-04-14,373.8,379,371.09,377
2020-04-15,379,380.3,368.55,374.01
2020-04-16,378,378.95,372.71,378.3
2020-04-17,380,386.36,369.52,369.92
2020-04-20,372.99,372.99,366.96,370.29
2020-04-21,373.6,374.8,371.5,374.64
2020-04-22,372,374.45,366,373.5
2020-04-23,376,380.1,372.01,378.8
2020-04-24,384.9,384.9,379.18,381.14
2020-04-27,383.98,383.98,379.1,380.45
2020-04-28,378.09,381,375.2,377.04
2020-04-29,379.4,379.4,375.8,378.1
2020-04-30,378.79,381,377,380.94
2020-05-06,380.95,380.95,377.01,380.3
2020-05-07,381,381.03,377.85,379.88
2020-05-08,379.85,383.5,378.16,383.5
2020-05-11,384.6,384.6,380.3,381.26
2020-05-12,383,383,379.71,380.99
2020-05-13,383,383,380.11,381.1
2020-05-14,382,383.7,381.09,383.49
2020-05-15,384.83,389.6,382.28,388.81
2020-05-18,391.8,399.8,387.72,398.21
2020-05-19,402.6,402.6,391,392.39
2020-05-20,393.99,397.2,392.2,396.73
2020-05-21,400,400,391.81,391.99
2020-05-22,395,395,388.69,392
2020-05-25,393.6,393.6,391,391.33
2020-05-26,394.4,394.4,391.21,393.16
2020-05-27,393.99,393.99,388.87,390
2020-05-28,391.98,392.75,386,392.41
2020-05-29,392.9,392.9,390.1,391.93
2020-06-01,395,396.59,393.03,395.99
2020-06-02,397.4,397.4,394.01,394.8
2020-06-03,396.68,396.68,391.1,391.2
2020-06-04,392.95,392.95,386.29,387.86
2020-06-05,389.69,390.95,387.5,387.84
2020-06-08,390.8,390.8,380.79,384.22
2020-06-09,385.8,385.8,382.6,384.61
2020-06-10,385.78,388.9,385.3,388.89
2020-06-11,390.5,392.3,387.5,391.9
2020-06-12,389.12,393.3,389.12,391.13
2020-06-15,392.5,393.5,388.5,388.53
2020-06-16,389.6,391.25,386,389.59
2020-06-17,393.1,393.1,389,390.5
2020-06-18,390.6,390.75,388.78,389.89
2020-06-19,390.98,391.2,389.4,390.67
2020-06-22,394.6,396.49,390.15,393.82
2020-06-23,396,396,393.25,394.5
2020-06-24,397.8,397.8,394.85,397
2020-06-29,399,399,397,397.15
2020-06-30,397.02,398.09,396.85,397.76
2020-07-01,397.76,401,397,400.82
2020-07-02,401,401,395.93,396.04
2020-07-03,398,398.5,394.91,397.55
2020-07-06,398,398,396.45,396.97
2020-07-07,398,398.2,396.01,397.46
2020-07-08,399,399.66,396.55,399.39
2020-07-09,405,405,399.99,401.99
2020-07-10,404.5,404.5,399,399.79
2020-07-13,404,404,399.3,401.18
2020-07-14,403.99,403.99,399,400.33
2020-07-15,400.33,401.75,399.8,400.39
2020-07-16,401.75,401.75,399.3,399.79
2020-07-17,403.5,403.5,396.04,397.44
2020-07-20,398,398.8,397.51,398.69
2020-07-21,399.49,402.5,399.49,401.66
2020-07-22,401.66,415.99,401.66,410.44
2020-07-23,414,414,406.1,412.65
2020-07-24,412.01,417.99,412.01,417.95
2020-07-27,417.99,430.48,417.8,426.85
2020-07-28,427.03,436,423,425.2
2020-07-29,425,428.88,422,427.07
2020-07-30,427,428.6,422,422
2020-07-31,420.2,429,420.19,428.97
2020-08-03,428.99,429.79,425.5,427.68
2020-08-04,427.1,428.8,426.5,428.09
2020-08-05,428.29,440.5,427.11,439.59
2020-08-06,441.45,443.25,436,442.99
2020-08-07,446,449,443.5,445.99
2020-08-10,445.13,446.8,439,441.9
2020-08-11,442.98,444.8,430.1,433
2020-08-12,415.27,428.5,401.4,407
2020-08-13,407.85,415,407.85,412.5
2020-08-14,411.72,422.77,411,416.54
2020-08-17,416.54,421.5,415.7,420.7
2020-08-18,423.99,430.42,420.31,430
2020-08-19,431.2,433.21,422,423.88
2020-08-20,426.87,426.87,412.51,415.6
2020-08-21,414.1,416.7,412,414.99
2020-08-24,405,417,404.4,415.71
2020-08-25,417.99,419,412.6,413
2020-08-26,423.89,423.89,412,412.58
2020-08-27,412.9,417.89,411.11,417.6
2020-08-28,416.56,423,413,418.18
2020-08-31,419.69,421,417.56,419
2020-09-01,420.38,424.04,419.02,423.98
2020-09-02,424.9,426,418.3,418.3
2020-09-03,417.01,420.39,412,414.5
2020-09-04,415.5,416,412.11,414.8
2020-09-07,415.98,424.05,411.4,413.22
2020-09-08,413.99,414.9,412.08,414.5
2020-09-09,411.01,415.79,409.92,414.78
2020-09-10,414,417.7,413.18,417.43
2020-09-11,417.5,419.5,414.6,416.29
2020-09-14,416.98,417.55,415.5,415.5
2020-09-15,415.15,418,415.15,417.03
2020-09-16,417.99,418,414.89,416.46
2020-09-17,415.04,417,412.38,413.7
2020-09-18,413,415.5,411.28,415.48
2020-09-21,415.01,416.25,414,415.27
2020-09-22,414,414.8,398.86,405.58
2020-09-23,405.89,407.8,398.5,400.67
2020-09-24,400,401.58,394,395.29
2020-09-25,395.5,400.4,395.01,400
2020-09-28,398.2,400,397.5,399.21
2020-09-29,397.72,404.5,397.72,403.8
2020-09-30,404.5,405.6,402.77,402.97
2020-10-09,403.8,405.8,402.5,404.49
2020-10-12,406,409.8,404.65,408.79
2020-10-13,409.3,409.7,406.2,406.63
2020-10-14,407.48,407.6,399.8,402.85
2020-10-15,403.5,404.48,400.61,402.3
2020-10-16,401.25,404.5,400.65,404
2020-10-19,403.7,404.45,401.03,404.4
2020-10-20,404.96,404.97,401,401
2020-10-21,402.4,404.8,402,404.1
2020-10-22,402.91,405.69,402.91,404.01
2020-10-23,403.02,404,401.1,402.74
2020-10-26,405,405.5,400.2,400.9
2020-10-27,401.3,404.49,401.3,404.02
2020-10-28,403.8,405.25,403.79,404.6
2020-10-29,403.78,403.78,398.7,399.47
2020-10-30,398.58,399,395,397.21
2020-11-02,397.98,400.4,397.6,399.9
2020-11-03,400.58,402.2,399.15,401.56
2020-11-04,402.02,404.6,402.02,402.66
2020-11-05,405,405,399.5,402.37
2020-11-06,403.66,408.8,403.66,406.94
2020-11-09,408.98,409.28,406.2,406.2
2020-11-10,405.15,405.15,392,396.69
2020-11-11,394.02,396,394.02,396
2020-11-12,395.2,395.4,392.2,394.39
2020-11-13,394.99,396.5,393.9,395.93
2020-11-16,396.38,398.5,395.25,396.01
2020-11-17,392.58,396.8,391.58,395.8
2020-11-18,394.68,396.27,392.4,393.72
2020-11-19,392,394.2,390.23,391.5
2020-11-20,390.06,392.9,390.05,392.1
2020-11-23,395,395,391,391.65
2020-11-24,390.9,391.89,381.51,383.36
2020-11-25,380,381.85,377.7,378.45
2020-11-26,379.9,380.7,278.39,378.85
2020-11-27,378.8,379.81,377.5,377.5
2020-11-30,377,378,366,370.58
2020-12-01,368.5,373.1,367,372.99
2020-12-02,374.88,378.5,374.88,378.43
2020-12-03,380.5,382.99,378.2,382.98
2020-12-04,382.6,383.5,379.01,383.38
2020-12-07,383.39,383.39,380.3,382.52
2020-12-08,380.33,387.86,380.33,386.76
2020-12-09,385.99,388.2,384.3,384.75
2020-12-10,384.75,385.7,381,381.46
2020-12-11,378,384.1,369.61,381.46
2020-12-14,381.6,383.69,380.45,380.46
2020-12-15,380.2,384.09,379.02,383.8
2020-12-16,384,386.8,383.5,385.44
2020-12-17,386.75,388.8,384.1,388.7
2020-12-18,389,391.89,388.22,390.34
2020-12-21,390.98,397.91,389.43,395.96
2020-12-22,391.3,394.48,390.3,390.32
2020-12-23,390.31,392.5,388.6,390.12
2020-12-24,388.55,391.8,387.6,390.4
2020-12-25,389.73,392.74,389.11,392.21
2020-12-28,392.99,396,391.36,391.61
2020-12-29,391.4,395,389.8,390.66
2020-12-30,390.8,391.5,389.8,390.39
2020-12-31,389.54,394.5,389.54,390
2021-01-04,397.48,399.5,396,398.09
2021-01-05,398.12,401.2,398.12,401
2021-01-06,401.58,402.48,399.71,400.73
2021-01-07,401,401.73,394.02,398.49
2021-01-08,395.21,397.99,395.2,395.97
2021-01-11,393.58,394,379,385
2021-01-12,384.51,388,382.99,387.99
2021-01-13,388.85,388.85,384.7,386.5
2021-01-14,387.8,388,382.5,383.7
2021-01-15,384.95,387.6,383.8,385.41
2021-01-18,385.58,386.02,380.8,384.6
2021-01-19,385,386,384,384.97
2021-01-20,385.48,386.88,383.2,386.76
2021-01-21,386,390,383.03,389.46
2021-01-22,389.6,389.6,387.25,388.09
2021-01-25,381.09,388.9,381.09,386
2021-01-26,386,390.5,386,387.45
2021-01-27,386.51,387.48,383.8,385.39
2021-01-28,384,386,382.22,382.23
2021-01-29,384,386.92,382.65,384.5
2021-02-01,385.45,389.45,384.01,388.47
2021-02-02,389,389.9,384.7,384.83
2021-02-03,384.01,386.2,381.28,382.36
2021-02-04,382,383.69,377.3,379.5
2021-02-05,379.59,379.59,373.21,376.23
2021-02-08,378,378.79,374.61,378.59
2021-02-09,372,383.19,372,382.74
2021-02-10,384,384,380.81,383
2021-02-18,377.01,377.01,370.5,372.06
2021-02-19,373.87,373.9,368.5,370.67
2021-02-22,369.8,375.49,369.53,374.5
2021-02-23,375,379.12,375,377.99
2021-02-24,378.99,378.99,375.8,377.28
2021-02-25,377.28,377.6,372.58,373.04
2021-02-26,372,374.4,367.1,368.26
2021-03-01,368.26,370,360,367.37
2021-03-02,366,366,357.5,360.42
2021-03-03,362.79,363,360,362.08
2021-03-04,362.96,362.96,356.12,359
2021-03-05,358.5,359.69,353.43,355.7
2021-03-08,356,360,354.8,358.95
2021-03-09,353.06,357.85,353.06,357.75
2021-03-10,357.75,362.33,357.75,361.07
2021-03-11,360,365.2,360,364.91
2021-03-12,363.41,364.5,359.5,359.62
2021-03-15,365.44,365.44,358.34,362.88
2021-03-16,364.29,364.8,363,363.26
2021-03-17,364.89,365.68,363.5,364.7
2021-03-18,363,368.33,362.7,366.79
2021-03-19,364.51,367,362.02,366.64
2021-03-22,365.65,367.65,364,364.4
2021-03-23,364.31,366.26,364,366.2
2021-03-24,366,366.45,363.8,364.59
2021-03-25,365,367.3,364.05,365.68
2021-03-26,365.02,368.7,364.21,365.1
2021-03-29,365,366.6,364.6,365.4
2021-03-30,366.45,366.45,360,360.66
2021-03-31,358.5,359,355.3,356.79
2021-04-01,356.5,364.56,356,364.49
2021-04-02,364.1,368.89,363.22,368.04
2021-04-06,368.5,368.5,365.8,366.39
2021-04-07,367.7,368.59,366.9,368.14
2021-04-08,366.03,369.49,366.03,369.2
2021-04-09,370,372.3,369.66,370.15
2021-04-12,370.98,370.98,367.3,368.62
2021-04-13,368.7,368.7,364.95,365.59
2021-04-14,365.9,369.5,365.8,368.6
2021-04-15,368.31,368.75,366,368.52
2021-04-16,368.95,373,368.12,371.8
2021-04-19,373.5,375.95,373.33,374.7
2021-04-20,374.61,374.62,370.5,371.44
2021-04-21,372.39,375.08,371,374.65
2021-04-22,374.6,376.79,372.09,375.2
2021-04-23,375.5,375.5,373.25,373.81
2021-04-26,376.1,376.1,371.5,372.83
2021-04-27,372.2,373.5,371.4,372.97
2021-04-28,372.6,374.2,370,370
2021-04-29,370.5,374.4,370,372.44
2021-04-30,372.3,372.39,368,370.97
2021-05-06,373,375.8,373,375.35
2021-05-07,375,379.95,374.61,379.82
2021-05-10,379,382.6,378.51,380.7
2021-05-11,380.21,382.08,380.1,380.7
2021-05-12,381.81,381.98,377.52,381.29
2021-05-13,380.9,383,378.82,379.41
2021-05-14,378.01,381.8,378.01,381.13
2021-05-17,380,386.5,380,385.57
2021-05-18,384.95,389.8,384.5,388.2
2021-05-19,389.99,389.99,386.51,388.83
2021-05-20,387,392.2,386,389.14
2021-05-21,389.5,391.3,388.36,389.4
2021-05-24,390,392.5,388.02,390.8
2021-05-25,390,391.29,387.55,389.68
2021-05-26,389.2,394.6,389,393.2
2021-05-27,393.99,394.29,390.01,390.5
2021-05-28,390.5,391,388.25,388.82
2021-05-31,386.3,392.2,386.2,391.1
2021-06-01,391,393.8,391,393.5
2021-06-02,391.9,393.5,343,387.97
2021-06-03,388,389.6,384.9,385.44
2021-06-04,382.1,385,374.99,382.51
2021-06-07,381.7,384.8,381,384.29
2021-06-08,384.3,388.1,384.3,385.3
2021-06-09,386.6,387,384.03,386
2021-06-10,386.88,386.88,383.9,384.73
2021-06-11,383.2,388.4,382.01,388.01
2021-06-15,383.2,383.2,379,381.99
2021-06-16,381.95,381.98,379,381.09
2021-06-17,378.39,381.65,373.6,374
2021-06-18,371.7,373.8,368.8,371
2021-06-21,373,373,368.3,370.58
2021-06-22,370.95,372.8,370.11,371.56
2021-06-23,371.99,372.5,370.15,371.93
2021-06-24,372.55,374.3,370.35,370.35
2021-06-25,371.98,372.1,369.5,370.74
2021-06-28,371.4,371.79,368.8,371.16
2021-06-29,369.3,371.1,369.21,369.29
2021-06-30,369,369.5,365.6,365.82
2021-07-01,366,371,365.8,370.26
2021-07-02,369.01,371.65,369.01,371.09
2021-07-05,372,374.12,370,372.5
2021-07-06,372.6,376,371.5,375.99
2021-07-07,376,377.39,374.02,375.39
2021-07-08,375.8,376.89,374.75,376
2021-07-09,376.99,378.3,374.5,376.69
2021-07-12,373.68,377.6,373.68,375.62
2021-07-13,375.18,377.2,374,376.87
2021-07-14,377.25,378.2,375.5,377.71
2021-07-15,378.65,381,378,380.5
2021-07-16,380.93,381.1,378.8,379.24
2021-07-19,379.06,380.24,376.26,376.5
2021-07-20,376,379.53,375.3,378.48
2021-07-21,380.1,380.3,376.1,377.03
2021-07-22,375.01,376.4,374.24,375.01
2021-07-23,376,376.5,373.9,376.37
2021-07-26,375.1,377.7,375,377.68
2021-07-27,379.49,379.5,374.11,376.49
2021-07-28,375.7,378.7,375.5,377.94
2021-07-29,376.94,379.65,376,378.78
2021-07-30,380.5,381,378.8,380.9
2021-08-02,380.01,380.9,376.25,376.25
2021-08-03,377.16,377.58,376,376.91
2021-08-04,376.42,377.65,376.4,377.46
2021-08-05,377.58,380.4,376.4,376.75
2021-08-06,388.5,388.5,371,374.73
2021-08-09,376.98,376.98,362.5,365.44
2021-08-10,365.44,365.5,362,363.5
2021-08-11,363,363.25,360.5,362.37
2021-08-12,363.98,366.99,363.08,366.8
2021-08-13,366.6,367.75,364.6,367.69
2021-08-16,367,372,367,371.14
2021-08-17,370,375,370,374.7
2021-08-18,366,375,366,374.2
2021-08-19,371.1,373.99,371.1,372.87
2021-08-20,373.5,374.99,372.5,374.39
2021-08-23,374.4,374.4,371.79,373.66
2021-08-24,373.79,377,373.79,376.44
2021-08-25,376.4,377,374.35,374.4
2021-08-26,375,375.5,372.8,373.27
2021-08-27,373.5,377,372.1,376.39
2021-08-30,376,379.78,374,377.5
2021-08-31,377.51,378.2,376,377.55
2021-09-01,379.98,379.98,375.2,377.38
2021-09-02,379,379,376.3,377.29
2021-09-03,376.8,377.6,375.63,376.95
2021-09-06,377.99,380.98,377.99,379.43
2021-09-07,380.49,380.49,377.79,378.5
2021-09-08,378.48,378.48,373.8,374.85
2021-09-09,375.98,375.98,371.6,373.17
2021-09-10,375.38,375.38,371.81,374.09
2021-09-13,374.8,374.8,371.8,372.95
2021-09-14,373,373.79,372.05,373
2021-09-15,373,375.5,371.4,374.1
2021-09-16,374.8,375.3,370,371.09
2021-09-17,370,370,364.2,367.73
2021-09-22,372,372.75,371,372.23
2021-09-23,372,372,368.05,368.54
2021-09-24,370,370,365.11,366.69
2021-09-27,366.5,368.11,364.3,367.74
2021-09-28,367.9,367.97,363.6,364.62
2021-09-29,364.2,364.39,362,363.64
2021-09-30,364.3,364.47,361,362.14
2021-10-08,367.19,367.43,365.9,365.9
2021-10-11,367,370.5,365,365.15
2021-10-12,367,367.79,276.99,367.37
2021-10-13,367.1,368.2,366.6,367.16
2021-10-14,369.5,372.49,366.4,371.99
2021-10-15,372.8,373.2,371,371.09
2021-10-18,367.09,370.49,366.01,366.36
2021-10-19,367.74,367.97,366.03,367.87
2021-10-20,367.8,368.1,364.5,366.64
2021-10-21,367.54,369,366.2,368.2
2021-10-22,368,370,367.3,369.89
2021-10-25,369.5,372.5,367.01,369.5
2021-10-26,371.8,372.3,370.01,370.45
2021-10-27,370.99,370.99,366.51,367.49
2021-10-28,368.5,371.76,367.5,371.67
2021-10-29,369.09,372,369.09,370.19
2021-11-01,368,369.5,366.65,368.58
2021-11-02,367,370.5,367,370.23
2021-11-03,370.63,370.63,366.8,367.35
2021-11-04,368.29,368.29,364.1,366.4
2021-11-05,366.8,371,366.8,370.89
2021-11-08,371.97,376.2,369.6,374.61
2021-11-09,374,376.5,374,375.89
2021-11-10,375.8,377.2,375.3,375.67
2021-11-11,376.4,383,375.6,382.2
2021-11-12,383,383.7,380,382.15
2021-11-15,380,383.5,380,380.68
2021-11-16,381.5,383.5,381.04,382.39
2021-11-17,384.99,385.5,380,381.7
2021-11-18,381.7,383.7,381.4,382.5
2021-11-19,383,383.19,381.02,382.68
2021-11-22,383.2,383.3,378.2,378.51
2021-11-23,379.5,379.5,371,372.48
2021-11-24,368.53,372,368,369.89
2021-11-25,368.5,369.88,367.5,369.78
2021-11-26,369.76,372.2,368.2,372.18
2021-11-29,373,373,369,369.44
2021-11-30,369.01,369.5,367.25,368.51
2021-12-01,369,371,364.75,367.32
2021-12-02,368.18,368.18,365.2,365.55
2021-12-03,365.99,367.6,363.7,365.16
2021-12-06,366.56,368,363.59,367.99
2021-12-07,368.89,368.89,366.4,367.47
2021-12-08,367.47,376.18,365.3,367.73
2021-12-09,366.4,367.3,365.6,366.67
2021-12-10,365.8,367.1,364.5,365.85
2021-12-13,365.5,367.77,365.21,367.52
2021-12-14,369,369,366.8,367.63
2021-12-15,366.9,366.9,363.6,363.94
2021-12-16,365,367.75,363.41,367.35
2021-12-17,367.5,372.1,366.5,371.99
2021-12-20,371.53,373.5,371,371
2021-12-21,369.51,371,368.4,368.9
2021-12-22,371.09,371.09,367.8,367.8
2021-12-23,369,372.02,368.5,371.82
2021-12-24,371.5,372.89,370.1,372.69
2021-12-27,371.6,372.94,371.51,372.27
2021-12-28,378.8,378.8,260.88,373.55
2021-12-29,373.6,373.8,371.15,371.61
2021-12-30,360.8,371.1,280.01,369.79
2021-12-31,370.7,374.48,369.7,373.85
2022-01-04,373,373,371,371.3
2022-01-05,371.3,373.97,370.4,372.84
2022-01-06,373.6,374.8,369.7,370.84
2022-01-07,372.6,372.6,367.9,368.37
2022-01-10,367.01,369.8,367,368.87
2022-01-11,370.5,372.5,368.8,372.06
2022-01-12,373.3,374.7,370.9,373.31
2022-01-13,373.8,374.9,373.05,374.29
2022-01-14,375.25,375.25,372.5,374.18
2022-01-17,375,375,371.91,372.89
2022-01-18,371,372.9,300,371.64
2022-01-19,372.8,374.1,370.6,371.8
2022-01-20,372,377,372,376.39
2022-01-21,374.5,377.6,374.5,376.64
2022-01-24,375.05,377,374.8,375.72
2022-01-25,375.21,376.49,374,376.34
2022-01-26,376,377.38,375.5,376.67
2022-01-27,376.22,376.99,369.8,370.28
2022-01-28,370.8,371.9,368.1,369.04
2022-02-07,369.47,371.54,369.47,371.35
2022-02-08,371.02,373.78,371,373.11
2022-02-09,373.4,375.1,373,374.87
2022-02-10,374.95,376.3,275.05,375.7
2022-02-11,375.99,376,373.7,373.84
2022-02-14,374.6,381.15,373,379.9
2022-02-15,380.68,384.35,379.9,384.04
2022-02-16,380,381.9,367.59,378.94
2022-02-17,378.52,382.8,378.01,382.29
2022-02-18,384.99,386.6,383.2,385.47
2022-02-21,385.47,387.29,384.1,385.28
2022-02-22,385.4,390.58,385.4,390.44
2022-02-23,386.36,388.29,385.98,386.41
2022-02-24,385.33,396.75,385.3,395.14
2022-02-25,396.8,399.99,388,389.61
2022-02-28,386.5,390,384,386.7
2022-03-01,387.5,389.5,385,387.9
2022-03-02,390.5,394.8,388.02,394.67
2022-03-03,394.67,394.67,390.5,391.95
2022-03-04,393,395.6,391.6,393.99
2022-03-07,393.99,405.5,393.8,401.5
2022-03-08,402.9,410.98,398.5,409.96
2022-03-09,405,418,405,415.11
2022-03-10,410,410.01,399.3,402.1
2022-03-11,405.97,408,402.8,403.6
2022-03-14,403.01,404.5,399.8,400.69
2022-03-15,400,400.19,392,393.7
2022-03-16,390,394.8,389.8,391.31
2022-03-17,391,395,388.06,394.09
2022-03-18,395.9,397.49,393.4,395.64
2022-03-21,396,396.4,393,393.66
2022-03-22,393.16,397.78,393,396.25
2022-03-23,394.6,395.5,392.5,393.81
2022-03-24,396,399.59,396,398
2022-03-25,400.99,402.4,399,400
2022-03-28,398.5,401.6,396.5,396.5
2022-03-29,397,398.7,394,394
2022-03-30,391.5,394.54,387.7,393.84
2022-03-31,393.85,395.5,392.15,394.14
2022-04-01,394.3,396.8,392.61,395.2
2022-04-06,393.89,394.97,393,393.2
2022-04-07,393.02,395.52,393.02,394.3
2022-04-08,395.44,396.15,394.3,395.12
2022-04-11,396,399,395.58,398.39
2022-04-12,401,402.5,398.05,400.28
2022-04-13,401.48,403.49,400.05,401.91
2022-04-14,403.8,404.5,402.8,403.41
2022-04-15,403.51,404.98,402,404.48
2022-04-18,402.45,407.2,402.45,406.82
2022-04-19,407.33,407.59,403.65,404.81
2022-04-20,405,405.85,398.6,399.86
2022-04-21,401,404.38,400.6,403.7
2022-04-22,402.5,406,401,405.74
2022-04-25,404,406.5,402.75,403.98
2022-04-26,402.99,402.99,399.1,400.17
2022-04-27,401,402.19,400,400.64
2022-04-28,400.58,401.2,397.31,399.95
2022-04-29,401.6,406.4,401,405.2
2022-05-05,403.51,404.19,402.05,402.69
2022-05-06,404,406,400.7,403
2022-05-09,403.99,405,402.3,403.8
2022-05-10,402.8,404.7,401.4,402.36
2022-05-11,401.58,404.99,397.5,400.35
2022-05-12,400.1,403.5,400,402.69
2022-05-13,402.5,403.45,398.91,398.95
2022-05-16,397.6,397.6,394.8,396.26
2022-05-17,396.49,398.3,394.45,397.18
2022-05-18,396.9,398.19,393.2,394.78
2022-05-19,395,396,390.09,394.86
2022-05-20,397,399,396.6,396.61
2022-05-23,396.25,399.3,395.4,398.23
2022-05-24,398,399.39,396.5,399.31
2022-05-25,398.6,400,398,399.36
2022-05-26,400,401.1,398.5,400.87
2022-05-27,400,402.7,400,402.5
2022-05-30,401.4,402.2,398.5,399.09
2022-05-31,400.5,400.5,397.31,398.35
2022-06-01,400,400,394.8,395.62
2022-06-02,395.5,398.8,394.8,398.22
2022-06-06,399.99,399.99,396.7,397
2022-06-07,398.75,398.75,394.8,396.31
2022-06-08,398,398.49,395,397
2022-06-09,393.99,399.53,393.05,398.29
2022-06-10,397,398.3,396.66,397.19
2022-06-13,396.5,404.6,394.7,403.02
2022-06-14,403,403,395.5,396.48
2022-06-15,397.8,397.8,393.01,394.34
2022-06-16,396.3,396.5,393.5,395.2
2022-06-17,397.9,398.19,392.8,398.09
2022-06-20,399,399,396.2,396.69
2022-06-21,398,398,395.45,395.46
2022-06-22,396.8,396.99,394.8,395.91
2022-06-23,398,398.2,395.9,396.08
2022-06-24,396.2,397.5,393,393.85
2022-06-27,396,396.8,392.8,396.11
2022-06-28,395.2,395.5,393,393.87
2022-06-29,394.99,395.64,392.51,392.68
2022-06-30,394,394.9,391.7,391.7
2022-07-01,393,394,387.71,388.42
2022-07-04,391,392.32,386,390.59
2022-07-05,391.3,391.3,389.5,390.01
2022-07-06,390,390,381.3,382.64
2022-07-07,384,384,375.1,377.29
2022-07-08,377,377.99,375.9,376.19
2022-07-11,379.5,379.5,375,376.5
2022-07-12,376,378.99,374.6,377.27
2022-07-13,378.5,378.5,374,374.7
2022-07-14,377.2,378.47,372,374.29
2022-07-15,377.27,377.27,371.3,371.89
2022-07-18,372.8,374,371.2,374
2022-07-19,374.66,374.66,371.9,372.43
2022-07-20,373.5,373.5,372.1,372.4
2022-07-21,373.5,373.87,368.11,369.57
2022-07-22,369.79,375.7,369.1,375.68
2022-07-25,375.98,378,375.4,377.08
2022-07-26,377.9,377.9,374.5,377.18
2022-07-27,377,377,375,376.07
2022-07-28,375.51,380.3,374.8,379.5
2022-07-29,371,385.1,371,383.96
2022-08-01,381,386.6,381,385.13
2022-08-02,386.95,389.7,386,387.16
2022-08-03,388.8,389.96,383.62,385.58
2022-08-04,386.47,387.8,384,387.05
2022-08-05,389,390.38,386.8,390.19
2022-08-08,387,389.7,385.95,388.02
2022-08-09,389,390,388.35,389.32
2022-08-10,390.2,391.8,387,390.27
2022-08-11,387.09,392.45,336.2,388.7
2022-08-12,391,391,389,390.17
2022-08-15,390,392,388.5,390.64
2022-08-16,388.51,390.97,388.2,390.27
2022-08-17,391.3,391.3,388.61,388.72
2022-08-18,389.67,389.67,386.5,387.2
2022-08-19,387,388.5,384,386.13
2022-08-22,387.2,387.5,385,385.07
2022-08-23,384.6,387.39,384.4,387.33
2022-08-24,387.3,388.97,386.2,388.88
2022-08-25,388.98,390.15,388.2,390.04
2022-08-26,388.1,390.99,388.1,390.47
2022-08-29,389.2,389.5,387,387.5
2022-08-30,388.5,390.1,388.05,388.9
2022-08-31,388.6,388.6,386.4,386.83
2022-09-01,386.7,386.7,383,384.26
2022-09-02,383,384.89,381.01,384.34
2022-09-05,383.5,387.49,383.5,387.14
2022-09-06,387,389.3,385.5,388.75
2022-09-07,389,389,385.51,387.39
2022-09-08,388.5,389.99,386.62,389.73
2022-09-09,390.2,390.5,387.5,390.13
2022-09-13,389.5,390,389,389.37
2022-09-14,390.5,390.5,386.5,386.66
2022-09-15,387.6,387.85,384.81,385.36
2022-09-16,386,386,383,384.64
2022-09-19,384.8,385.97,384,384.3
2022-09-20,384.8,386.7,384.15,385.58
2022-09-21,385.58,386.99,384,386.76
2022-09-22,387.17,389,384,385.71
2022-09-23,387,388.1,386.51,387.96
2022-09-26,385.5,385.99,384,385.84
2022-09-27,385,386,383.65,386
2022-09-28,386,387.35,385.1,385.83
2022-09-29,387,389.97,386.5,389
2022-09-30,385.5,390.4,385.5,390
2022-10-10,390,396.1,390,392.49
2022-10-11,391.2,392.9,391.2,392.01
2022-10-12,392.01,393,391.8,392.57
2022-10-13,392.08,393.3,392.08,392.83
2022-10-14,394,394,390.5,392.45
2022-10-17,390.2,392,390,390.97
2022-10-18,391,392.01,390.45,390.8
2022-10-19,391,391.54,389.85,390.01
2022-10-20,390,390.05,388.3,388.6
2022-10-21,390,390,388.01,388.93
2022-10-24,388.3,393.5,388.3,393.32
2022-10-25,393.4,394.88,393.05,393.68
2022-10-26,393.94,394.9,393.4,393.96
2022-10-27,392.8,393.97,392.4,393.18
2022-10-28,393,393.99,392.5,392.55
2022-10-31,392.5,392.6,391.05,391.76
2022-11-01,392,392.48,391.05,391.99
2022-11-02,392.97,393.39,391.56,392.6
2022-11-03,392.97,393.9,391.5,391.98
2022-11-04,390.48,392.82,366.01,392.7
2022-11-07,391.4,395,391.4,394.5
2022-11-08,394.99,396,394.4,395.18
2022-11-09,395.99,403.8,395.5,403.56
2022-11-10,403.02,404.5,402,402.53
2022-11-11,403.65,410,403.5,407.19
2022-11-14,410,412.51,400,402.47
2022-11-15,403.6,406.3,403.6,404.99
2022-11-16,406,407.15,405,406.77
2022-11-17,407.5,408.3,406.78,407.31
2022-11-18,408,408,406.6,406.6
2022-11-21,406.3,406.5,404.01,404.71
2022-11-22,406.9,406.9,404,404.93
2022-11-23,404.5,405.2,404.1,404.35
2022-11-24,404.3,406.8,404,405.9
2022-11-25,407.89,407.89,405.25,406.3
2022-11-28,407.5,408.94,406.7,406.87
2022-11-29,408.2,408.5,405.83,406.68
2022-11-30,407,407,405,405.76
2022-12-01,404.3,407.5,403.2,407.48
2022-12-02,407.75,410,407.5,410
2022-12-05,408,408.9,405.05,406.17
2022-12-06,404.4,404.69,401.5,403.56
2022-12-07,403.5,403.5,401.21,402.4
2022-12-08,402,403.58,401.8,403.41
2022-12-09,403,405,403,404.72
2022-12-12,405.5,406.5,402.6,403.69
2022-12-13,404,405,403.2,405
2022-12-14,404.54,409,403,409
2022-12-15,407,408,404.38,404.38
2022-12-16,402.8,404,401.8,403.69
2022-12-19,403.4,406.75,403.4,405.79
2022-12-20,405.6,406.1,404.2,405.78
2022-12-21,406.5,410.48,405.8,409.98
2022-12-22,408.6,410.8,408.3,409.94
2022-12-23,409.94,410.98,406,409.03
2022-12-26,404.07,408,404.07,407.53
2022-12-27,407.2,408,406.59,407.98
2022-12-28,408.5,410,407.5,408.99
2022-12-29,408.5,409.1,407,407.19
2022-12-30,408,411.23,408,410.49
2023-01-03,411,412.5,409,412.26
2023-01-04,410.5,413.98,410,413.84
2023-01-05,413.4,414.2,412.3,412.73
2023-01-06,412.2,412.2,408.5,409.35
2023-01-09,407,414.49,407,413.42
2023-01-10,414,414.2,412.2,414.13
2023-01-11,414,415,413.58,415
2023-01-12,414.25,414.51,412,414.37
2023-01-13,414.7,415,413,414.43
2023-01-16,415,418.4,413.3,417.21
2023-01-17,418,418.89,417.5,418.19
2023-01-18,419.5,419.5,416.39,418.23
2023-01-19,418.23,420,417.3,419.21
2023-01-20,419.21,423.5,418,422.45
2023-01-30,425,425,420,422.67
2023-01-31,421,422,418.3,418.33
2023-02-01,416,423,416,421.67
2023-02-02,421.5,425.9,420.5,425.85
2023-02-03,425.8,426.1,418.5,419.52
2023-02-06,420,420,413.3,414.04
2023-02-07,414.5,415,412.55,413
2023-02-08,413.6,414,412,413.45
2023-02-09,414.8,414.8,412.5,414.54
2023-02-10,414.25,415,410.4,412.65
2023-02-13,412.2,414.1,412,413.83
2023-02-14,413.3,413.9,411.1,413.08
2023-02-15,413,414.15,411.95,412.4
2023-02-16,412.01,413.99,411,412
2023-02-17,412,412.7,411,411.35
2023-02-20,412.5,414.17,411.8,413.15
2023-02-21,414,414,411.6,411.8
2023-02-22,412.7,414,412.21,414
2023-02-23,415,415,412.2,412.78
2023-02-24,412.78,414.7,411.9,414.01
2023-02-27,414.5,414.5,412.82,413.04
2023-02-28,414,414.09,412.6,412.69
2023-03-01,413.3,416.9,412.5,414.75
2023-03-02,414,414.75,413.6,414.3
2023-03-03,415,416.49,414.2,416.21
2023-03-06,417,420.42,416.35,420.26
2023-03-07,420,421,419.3,419.76
2023-03-08,418.6,418.6,414.8,415.22
2023-03-09,415.6,415.79,414.8,415.46
2023-03-10,415.8,419.49,415.5,417.73
2023-03-13,417.5,424.18,417.4,421.45
2023-03-14,423.2,427,422.9,427
2023-03-15,426.5,427,425,426.56
2023-03-16,427.77,433.5,427.77,430.29
2023-03-17,432,433,430,432.42
2023-03-20,433,466.72,433,449.23
2023-03-21,449,449,424.09,441.36
2023-03-22,439.07,439.3,434,434.14
2023-03-23,434,439.09,433.3,438.2
2023-03-24,438,441.5,437,439.66
2023-03-27,443.34,443.34,437,437.22
2023-03-28,435.3,438.29,433.9,435.81
2023-03-29,435.8,438.87,435.8,437.01
2023-03-30,437.5,439.49,436.51,437.19
2023-03-31,438.8,440.99,437,440.74
2023-04-03,439.7,439.7,434,435.56
2023-04-04,439.5,440.3,438.8,439.51
2023-04-06,446,446.9,445.6,446.69
2023-04-07,446.6,446.6,444.5,445.9
2023-04-10,446,446,441,442.33
2023-04-11,442,444.2,441,444.19
2023-04-12,444.5,448.51,443.4,447.34
2023-04-13,448,448.3,445,447.86
2023-04-14,449.68,451.65,449,449.35
2023-04-17,449.5,449.5,442.5,445.44
2023-04-18,446,446,440,443.7
2023-04-19,445,446.65,442.4,443.52
2023-04-20,442.5,444.6,439.6,444.15
2023-04-21,444.15,445.69,441.5,442.44
2023-04-24,442,444.65,439.5,441.64
2023-04-25,441.5,445.7,440,445.44
2023-04-26,447.18,447.18,442.3,445.93
2023-04-27,446.2,447,444.5,446.72
2023-04-28,446,447,442.6,443.37
2023-05-04,447.49,457,447.49,452.79
2023-05-05,453.7,456.7,452.95,454.92
2023-05-08,453,453,446.2,450.3
2023-05-09,454.89,454.89,449.8,451.14
2023-05-10,453.5,453.5,451.3,452.6
2023-05-11,452.6,455.19,452,452.86
2023-05-12,454.5,454.5,449.1,450.41
2023-05-15,450,453.49,450,452.13
2023-05-16,455.49,455.49,450,450.96
2023-05-17,456.08,456.08,448.01,449.17
2023-05-18,456.04,456.04,447,448.5
2023-05-19,453.42,453.42,445.1,446.72
2023-05-22,446,449.99,444.5,448.43
2023-05-23,448.3,448.55,446,446
2023-05-24,452.71,452.71,446.49,448.87
2023-05-25,451.18,451.18,446.3,447.64
2023-05-26,451.77,451.77,443.8,445.28
2023-05-29,446.99,446.99,443.4,444.56
2023-05-30,449.48,449.48,443.02,443.77
2023-05-31,449.8,450.1,446.6,449.62
2023-06-01,479.94,479.94,449.15,449.23
2023-06-02,455.71,455.71,450,451.11
2023-06-05,455.84,455.84,445.53,446.31
2023-06-06,448,449.94,445.3,449.02
2023-06-07,453.79,453.79,448,449.29
2023-06-08,454.86,454.86,447.15,447.59
2023-06-09,450.5,451.2,447.5,450.88
2023-06-12,455.51,455.51,450,451.45
2023-06-13,454,454,449.7,453.21
2023-06-14,456,456,449.2,450.2
2023-06-15,450.1,451,445.72,446.32
2023-06-16,451,451,446,450.07
2023-06-19,451,451.01,449.5,450.33
2023-06-20,452,452,449.8,451.13
2023-06-21,452.3,452.3,447.4,449.97
2023-06-26,449.9,449.9,448,449.3
2023-06-27,453.34,453.34,447.9,449.25
2023-06-28,454.38,454.38,446,446.8
2023-06-29,448.5,448.5,447,447.09
2023-06-30,450,450,446,448.47
2023-07-03,449,450.99,448.9,449.5
2023-07-04,453,453,449.5,450
2023-07-05,451,451,450,450.74
2023-07-06,452,452,450.01,450.41
2023-07-07,452.89,452.89,447.21,449.92
2023-07-10,453.9,453.9,449,451.35
2023-07-11,453.9,453.9,449.1,450.29
2023-07-12,453.97,453.97,450.56,451.26
2023-07-13,453.6,455.39,451.5,454.9
2023-07-14,455,455,452.3,452.5
2023-07-17,456.59,456.59,453.2,454.15
2023-07-18,456,456.35,453.5,456.34
2023-07-19,458.6,462.2,456.45,462.17
2023-07-20,457.88,462.3,457.88,460.94
2023-07-21,462,462,457.8,458.33
2023-07-24,460,461.89,456.78,458.63
2023-07-25,462,462,455.5,455.58
2023-07-26,460,460,455,457.99
2023-07-27,463,463,456.8,458.85
2023-07-28,463,463,454.5,455.68
2023-07-31,463,463,454.9,455.35
2023-08-01,457.3,457.69,456,456.44
2023-08-02,457.5,457.5,454.5,456.81
2023-08-03,458,458,454.2,454.7
2023-08-04,454.5,460,453.2,454.02
2023-08-07,494.3,494.3,454,454.89
2023-08-08,459,459,453.5,454.84
2023-08-09,458,458,454.3,455.05
2023-08-10,455,455,452.8,453.62
2023-08-11,455,456,453.9,455.25
2023-08-14,456.5,456.5,455,455.95
2023-08-15,456,456.1,454.8,456
2023-08-16,465,465,456.2,456.79
2023-08-17,465,465,455.8,456.7
2023-08-18,465,465,455.6,456.1
2023-08-21,465,465,455.5,457.92
2023-08-22,465,465,456.7,457.82
2023-08-23,465,475,456.8,458.32
2023-08-24,463.9,463.9,458.5,459.7
2023-08-25,468,468,458.6,459
2023-08-28,464,464,458.18,459.14
2023-08-29,469,469,459.6,460.35
2023-08-30,470,470,460.35,461.96
2023-08-31,470,470.1,462.01,464.16
2023-09-01,475,475,461.5,463.79
2023-09-04,465,466.01,462.5,465.5
2023-09-05,465,465.95,463.8,465.85
2023-09-06,466,466,464.12,464.13
2023-09-07,465,465.7,464.25,464.38
2023-09-08,466,467.75,465.2,467.68
2023-09-11,467.5,468.8,467.21,468.09
2023-09-12,468,469.5,467.9,469.4
2023-09-13,469,470.9,468,470.21
2023-09-14,475,475,470.1,474.7
2023-09-15,476,480.4,467.05,469.6
2023-09-18,477.99,477.99,467,469.18
2023-09-19,469.5,471.7,468,471.26
2023-09-20,472,474.7,471.3,472
2023-09-21,474.2,476,472.2,472.83
2023-09-22,471,473.6,469.4,471.72
2023-09-25,470,475.75,470,475.73
2023-09-26,475,475.8,473,474.04
2023-09-27,474.5,474.5,462,462.68
2023-09-28,467,467,445.5,447.1
2023-10-09,446,459,438,438
2023-10-10,446,452,446,449.88
2023-10-11,435.5,451.5,435.5,450.42
2023-10-12,451,453.7,446.5,451.05
2023-10-13,452,454.77,452,453.99
2023-10-16,451.01,465.31,451.01,460.24
2023-10-17,460.1,463.5,460,462.61
2023-10-18,462.55,467.4,461.52,466
2023-10-19,466.4,469.85,466.4,468.95
2023-10-20,468.5,476.8,468.5,474.84
2023-10-23,465.31,475.97,465.31,472.47
2023-10-24,471.11,473.95,471.11,473.31
2023-10-25,476,476,470,471
2023-10-26,470.01,474.5,469.6,474.17
2023-10-27,473.2,475.98,472.2,475.8
2023-10-30,474.5,488,473.68,476.9
2023-10-31,476.5,478,475.9,476.86
2023-11-01,477,478.48,474.8,475.4
2023-11-02,474.67,477.15,474,476.32
2023-11-03,476,477,474.61,476.99
2023-11-06,476,479,474.02,474.63
2023-11-07,473,475,471,471.44
2023-11-08,469.92,471.83,468,470.5
2023-11-09,470,470,467,467.73
2023-11-10,466.5,470.5,465.1,469.46
2023-11-13,466.5,469.7,464.1,468.94
2023-11-14,467.7,470.8,465,470.78
2023-11-15,468.11,472.4,468.11,471.55
2023-11-16,471.55,471.79,469.5,470.88
2023-11-17,469.3,473,469.3,471.65
2023-11-20,470.2,470.8,466,466.35
2023-11-21,464,467,463.1,466.79
2023-11-22,464.5,469,464.4,465.69
2023-11-23,463.2,467,463.2,465
2023-11-24,463,465.79,463,465.02
2023-11-27,464.11,469.95,464.11,469.83
2023-11-28,470,471.6,470,471.31
2023-11-29,470,475.7,470,474.22
2023-11-30,473.5,475.2,473.5,474.04
2023-12-01,472.5,475.3,472.5,474.32
2023-12-04,475,487,475,480.45
2023-12-05,479.5,480.5,471.5,473.93
2023-12-06,472,473.8,470.8,473.7
2023-12-07,471.9,474.79,471.9,474.45
2023-12-08,473.3,474.9,472.8,474.1
2023-12-11,474.6,474.6,468.2,469.34
2023-12-12,468.5,470.39,466.3,467.76
2023-12-13,472,472,465,466.01
2023-12-14,467.5,498,466.8,475.03
2023-12-15,474,475,473,474
2023-12-18,480,480,470.1,473.82
2023-12-19,473.82,474.7,471.8,473.99
2023-12-20,478,478,473,476.6
2023-12-21,476.5,476.99,474,475.54
2023-12-22,474,480.2,474,478.66
2023-12-25,480,481.5,477.2,479
2023-12-26,479,480.6,479,480.49
2023-12-27,480,482.7,479.3,482.17
2023-12-28,481.6,484.5,481.6,482.19
2023-12-29,480.5,486,471.9,479.59
2024-01-02,480.8,483.8,480,483.66
2024-01-03,482,483.5,481.03,481.49
2024-01-04,479,482,477,480.4
2024-01-05,480.2,482.32,479.2,480
2024-01-08,479.5,483,477.86,479
2024-01-09,480.9,480.94,476,478.66
2024-01-10,479.5,480.3,477.9,478.08
2024-01-11,478.8,480.56,477.71,478.2
2024-01-12,478.51,495,477.12,479.18
2024-01-15,480.1,483.99,480.1,483.44
2024-01-16,482.32,484,482.32,482.7
2024-01-17,481.03,482.49,477.11,477.3
2024-01-18,478,479.51,476,476
2024-01-19,478.1,482,477.1,479.51
2024-01-22,480.1,481,477.5,478.39
2024-01-23,479.49,479.65,477.5,478.52
2024-01-24,478.31,479,477.8,478
2024-01-25,479.45,479.5,475,475.8
2024-01-26,476.5,479.5,475.75,479.26
2024-01-29,478.45,480.2,476,479.2
2024-01-30,478.11,480.9,478.11,480.15
2024-01-31,479.5,481.93,479.5,480
2024-02-01,480.01,482.2,480,480
2024-02-02,479.81,483.8,479.81,483.55
2024-02-05,484,484,479.08,479.11
2024-02-06,480.79,480.79,477,478.81
2024-02-07,479.8,481.28,478.6,480.08
2024-02-08,479.11,482.49,479,480.58
2024-02-19,478.1,481.9,477.5,479.52
2024-02-20,479.52,480.3,479.08,479.66
2024-02-21,480.95,480.95,479.31,479.57
2024-02-22,479.21,480.4,478.4,479.32
2024-02-23,479.21,480,477.65,477.81
2024-02-26,478.8,481,478.8,480.57
2024-02-27,480.79,481.3,479.58,481.3
2024-02-28,481.3,481.97,480.05,480.1
2024-02-29,479.6,481.5,479.6,480.96
2024-03-01,480,483.44,480,483.4
2024-03-04,482.88,490,482.88,489
2024-03-05,489.43,496.6,489,496.52
2024-03-06,498.09,503.99,497.5,499.76
2024-03-07,499.5,506,499.5,505.1
2024-03-08,505.1,505.99,503,505.84
2024-03-11,507,509.99,505.1,507.29
2024-03-12,507.3,507.9,505.15,505.24
2024-03-13,504.5,506,503.26,504.79
2024-03-14,505.2,507.95,505,505.2
2024-03-15,505.3,507.2,504.5,507.12
2024-03-18,505.5,506.3,502.7,503.26
2024-03-19,504.5,505.94,503.21,504.06
2024-03-20,504.2,505.2,503.6,505.2
2024-03-21,504.51,514.95,504,514.94
2024-03-22,514.94,515.5,508,511.16
2024-03-25,510.7,514.8,510.7,511.13
2024-03-26,511.2,513.9,511.2,512.52
2024-03-27,517,517.5,514,515.94
2024-03-28,516,518.9,516,518.8
2024-03-29,520.5,538,519,527.54
2024-04-01,528,533.8,527.11,533.74
2024-04-02,529.81,533.9,528,533.8
2024-04-03,533.8,540.7,533,537.5
2024-04-08,537.5,560,537.5,554.11
2024-04-09,552,558.3,550.5,555.5
2024-04-10,556,559.97,554.5,557.9
2024-04-11,554.3,556.89,551,554.14
2024-04-12,553.5,569.87,553.5,567.21
2024-04-15,567.01,576.99,556,558.68
2024-04-16,559,569,552.66,562.5
2024-04-17,562.61,569,562.02,564.46
2024-04-18,566.3,568,558.8,563.37
2024-04-19,562.8,573.96,561,565.55
2024-04-22,563.1,567.6,555.8,556.55
2024-04-23,552.8,553.55,542.01,544.01
2024-04-24,544,549.3,544,548.33
2024-04-25,546.01,550,544.6,548.16
2024-04-26,555,555,546,553
2024-04-29,552,553,548,549.06
2024-04-30,549.2,550,545.67,545.8
2024-05-06,545.8,545.8,540,544.13
2024-05-07,544.1,547.6,543.3,544.84
2024-05-08,543,545.9,542.5,544.18
2024-05-09,545.6,545.6,543,543.43
2024-05-10,544,556.4,544,556.34
2024-05-13,556.5,558,552.1,553.01
2024-05-14,552,553.6,550.6,550.66
2024-05-15,552.8,561.5,552.3,555.99
2024-05-16,555,563.5,554.5,560.35
2024-05-17,559.5,563,558.5,561.44
2024-05-20,562,578,562,573.8
2024-05-21,572,576,566.3,568.96
2024-05-22,570.5,572.5,568.1,568.6
2024-05-23,570,570,554,556.72
2024-05-24,556.54,556.54,547.52,551.43
2024-05-27,551,554.98,550.83,551.6
2024-05-28,553,556.3,552.5,552.7
2024-05-29,556,558,554.9,555.76
2024-05-30,555,555,548.5,551.72
2024-05-31,551.5,558.3,551.5,553.6
2024-06-03,553.5,556.5,546.38,549.19
2024-06-04,550,554.8,550,553.49
2024-06-05,548.5,553,547.31,550.25
2024-06-06,550.8,561,550.8,559.36
2024-06-07,556,562,556,559.9
2024-06-11,545,548,541.88,543.95
2024-06-12,544,546.5,544,545.97
2024-06-13,550.5,550.5,544,546.26
2024-06-14,544.5,547,542,546.24
2024-06-17,550,552,546.2,547.33
2024-06-18,546,548.88,546,547.64
2024-06-19,547.2,554,546,550.06
2024-06-20,550,554.58,549,554.35
2024-06-21,552,558.8,552,556.25
2024-06-24,558,559,548,549.98
2024-06-25,549,550.5,548.5,549.75
2024-06-26,550.1,551,544.74,546.18
2024-06-27,546.9,546.9,542.3,543.88
2024-06-28,547.5,550.1,547.31,549.88
2024-07-01,549,551,547.8,549.2
2024-07-02,552,552,549,549.5
2024-07-03,549,554.2,549,554.16
2024-07-04,554.5,558,554.5,556.45
2024-07-05,557.5,558.09,555.6,557.96
2024-07-08,556.01,563.5,556.01,559.22
2024-07-09,559,559.8,555.42,555.9
2024-07-10,556,560.88,554.3,560.85
2024-07-11,561.55,561.9,559.15,561.78
2024-07-12,558.8,567.49,558.8,563.26
2024-07-15,564,566.4,563.45,563.66
2024-07-16,567,571.3,566.49,570.82
2024-07-17,571,581.5,569.31,577.37
2024-07-18,576,579.22,572.8,577.56
2024-07-19,575.01,575.6,560.2,561.9
2024-07-22,560,563.7,556.5,563.32
2024-07-23,562,563.79,558.56,560
2024-07-24,562.9,566.48,562.86,566.35
2024-07-25,566.2,568.2,550.9,552.4
2024-07-26,549.01,557.88,548,555.5
2024-07-29,555.5,560.99,555.5,558.79
2024-07-30,558,559.5,553.5,558.68
2024-07-31,558,565.5,556.8,563.26
2024-08-01,563,571,563,568.61
2024-08-02,568.5,571.5,566.26,571.17
2024-08-05,570,570,554,560.7
2024-08-06,550,559.4,544,554.28
2024-08-07,555.2,558.9,550.07,554.7
2024-08-08,556.5,556.7,552,555.16
2024-08-09,558,562,557.2,560.94
2024-08-12,560.5,564.49,560.05,564.1
2024-08-13,564.4,570.98,564.4,567.84
2024-08-14,568,568.15,563.5,566.71
2024-08-15,567.5,567.5,561,565.66
2024-08-16,566,567.9,562,566.14
2024-08-19,561.02,574.01,561.02,572.26
2024-08-20,570.5,573.9,569.6,572.75
2024-08-21,576,576,570.5,574.5
2024-08-22,574,574.95,571.5,572.89
2024-08-23,573,573,567,571.58
2024-08-26,572.5,575,571.05,574.89
2024-08-27,576,576,572.5,573.99
2024-08-28,573.5,576,573,573.33
2024-08-29,572.5,575.7,571.5,574.9
2024-08-30,574,575.97,571.8,573.44
2024-09-02,573,573.99,568.6,570.7
2024-09-03,571,572,569.5,571.48
2024-09-04,569.65,570.5,566.6,567.53
2024-09-05,569.8,571.8,568.61,571.79
2024-09-06,572.5,573.2,571,572.84
2024-09-09,571.7,573,566.5,570.26
2024-09-10,570.3,572.8,570,572.72
2024-09-11,574,575.78,571.95,575.74
2024-09-12,575.5,575.5,571.8,575
2024-09-13,575,583.8,575,582.54
2024-09-18,584.99,585,581.85,581.98
2024-09-19,583.5,585,579.2,583.05
2024-09-20,585,588.32,582,588.3
2024-09-23,590,593.96,588,592.2
2024-09-24,592.5,595,590.6,592
2024-09-25,591,599.28,587.35,595.66
2024-09-26,597.5,600,596.8,597.15
2024-09-27,600,600.56,596,597.16
2024-09-30,598.7,598.8,593,595.25
2024-10-08,592.01,601,592.01,593.4
2024-10-09,595,596.5,586.5,588.6
2024-10-10,589,595,586.6,590.89
2024-10-11,590.18,597.5,590,597.3
2024-10-14,596.5,602.8,596.5,600.82
2024-10-15,600,603.45,598,603.26
2024-10-16,602,610.59,602,609.96
2024-10-17,610,613.5,609,612.66
2024-10-18,612.3,621.39,612,616.83
2024-10-21,618,624.7,610,624.06
2024-10-22,625.99,627,620,625
2024-10-23,625,628.85,625,628.68
2024-10-24,628.68,628.68,617,623.03
2024-10-25,623.5,624.5,620,621.5
2024-10-28,621,626.24,621,624.65
2024-10-29,624.5,630,623.5,629.5
2024-10-30,629,637.49,628.61,636.75
2024-10-31,635.01,655,633.51,634
2024-11-01,634,634,622.5,627.67
2024-11-04,628,630,621.55,623.48
2024-11-05,623.48,625,620,623.78
2024-11-06,623.5,629.78,621,624.69
2024-11-07,622.7,622.7,608,610.01
2024-11-08,610,617.38,610,612.85
2024-11-11,615,619,612.31,613.3
2024-11-12,612.1,612.1,602.4,602.81
2024-11-13,601.7,604.98,601.6,603.09
2024-11-14,603.24,604.55,589,591.12
2024-11-15,591,595.3,590,591.97
2024-11-18,591.5,602,591.5,598.77
2024-11-19,601,608.2,599,607.3
2024-11-20,610,611.89,607,608
2024-11-21,609.7,616.68,609.7,616.42
2024-11-22,617,624,616.5,623.91
2024-11-25,625,627,614,616.51
2024-11-26,620,620,606,607
2024-11-27,609,614.49,607,613.8
2024-11-28,614.9,614.9,606.01,611.77
2024-11-29,612,616.2,609,614.88
2024-12-02,616,616,608.2,613.18
2024-12-03,615,618,615,616.72
2024-12-04,616,618,614.8,615.86
2024-12-05,615,617.99,614,616
2024-12-06,616,616,609.06,614.09
2024-12-09,613.8,618.5,612,617.26
2024-12-10,619,622.5,618.41,619.63
2024-12-11,621,627,621,624.79
2024-12-12,626,629.9,625.5,628.83
2024-12-13,626.5,631,621.25,622.43
2024-12-16,620,625,616.35,618.34
2024-12-17,621,621,616.7,618.21
2024-12-18,616,619,614,616.5
2024-12-19,616.5,616.5,607,614.53
2024-12-20,615,616,608,611.83
2024-12-23,611.1,618.94,611.1,618.4
2024-12-24,600,617,600,616.34
2024-12-25,615.2,617.89,615.05,616.8
2024-12-26,617.5,618.98,616.5,618.07
2024-12-27,618,619.5,618,618.55
2024-12-30,616.5,618,614.5,616.5
2024-12-31,615.5,617.7,613.6,614.8
2025-01-02,614,622.6,614,621.99
2025-01-03,624.4,627.6,624.4,626.87
2025-01-06,627.5,629,623.9,624.32
2025-01-07,626,626,619,625
2025-01-08,626,630,625,628.35
2025-01-09,626.5,631,626.5,630.37
2025-01-10,632.7,635,631,633.82
2025-01-13,633.5,638.98,632.5,636.9
2025-01-14,634.5,634.5,630.5,632.44
2025-01-15,633,635.9,630,634.5
2025-01-16,634.7,638.6,634.5,637.04
2025-01-17,638,641.2,637.5,637.63
2025-01-20,637.5,640,632.5,637.5
2025-01-21,636.5,640,632,639
2025-01-22,637.65,646.4,637.6,643.48
2025-01-23,644,645.99,642,644.02
2025-01-24,644,647.98,641.01,645.51
2025-01-27,646.5,650,642.75,643.1
2025-02-05,669.21,669.78,660.5,667.87
2025-02-06,668.88,671.65,666.51,667.38
2025-02-07,670,670,663,668.99
2025-02-10,669,679.99,666,679.65
2025-02-11,682,692,679,683.52
2025-02-12,681,682.81,677.5,680.21
2025-02-13,677.8,685.47,675,683.86
2025-02-14,684.5,687.5,683.5,686.58
2025-02-17,686,687,674,676.28
2025-02-18,677,683.4,676.8,682.85
2025-02-19,685,689.99,682,686.9
2025-02-20,688,689.49,684,689.18
2025-02-21,688.3,690,681.2,683.47
2025-02-24,683,687,681.9,685.58
2025-02-25,687.99,688.59,684,685.17
2025-02-26,684,686.99,675,679.3
2025-02-27,680,681.7,675.3,676.52
2025-02-28,676,677.8,670,670.78
2025-03-03,671,676.28,665.5,671.78
2025-03-04,674,679.99,673,679.97
2025-03-05,680,682.47,678.3,681.57
2025-03-06,681,681.8,677,679.7
2025-03-07,677,680.7,677,679.48
2025-03-10,680,684,678.5,681.99
2025-03-11,680.9,680.9,675,676.71
2025-03-12,679,680.4,678,679.43
2025-03-13,680,685.89,679,683.77
2025-03-14,685.5,697.79,685.5,692.67
2025-03-17,698,698,693.8,695.4
2025-03-18,696,701.35,695,700.8
2025-03-19,702,708.5,702,707.7
2025-03-20,701.5,710.89,701.5,709.09
2025-03-21,707.55,710,704.39,706.55
2025-03-24,706.5,707,701,705.92
2025-03-25,705.41,705.8,703,704.56
2025-03-26,705,708,705,707.79
2025-03-27,706.5,709.7,705.5,709.29
2025-03-28,714,722,711.1,721.03
2025-03-31,721.5,730.9,719,730.8
2025-04-01,730.8,739.4,726,735.84
2025-04-02,738.1,738.1,730,732.5
2025-04-03,735.9,747.5,732,738.94
2025-04-07,705,727,703.31,713.98
2025-04-08,718.9,719.9,710,717.5
2025-04-09,718,729,713,728.88
2025-04-10,732,744.99,728,741.26
2025-04-11,743.5,762,740.5,757.1
2025-04-14,757,765.5,756.31,762.47
2025-04-15,765.3,765.3,757,762.9
2025-04-16,762,781.9,761.5,781.62
2025-04-17,782,795.36,780,786
2025-04-18,788.5,790.49,778,788.62
2025-04-21,790,806,787,804.11
2025-04-22,808.2,834.6,805,825.8
2025-04-23,829,829,780.55,786.99
2025-04-24,787,802.3,775,792.47
2025-04-25,792.47,803,780.5,785.6
2025-04-28,787.6,788,776.01,778.4
2025-04-29,781,791,780,780.05
2025-04-30,783,784.76,778.01,780.19
2025-05-06,785,797.5,785,792.2
2025-05-07,792.9,801,791.8,798.51
2025-05-08,789,807.9,785,786.5
2025-05-09,792,799,774.05,785.5
2025-05-12,787,788,755,759
2025-05-13,743,765.8,742,763.9
2025-05-14,760,764,757.05,758.38
2025-05-15,753.8,755,729,735.86
2025-05-16,743.5,755,739,746.4
2025-05-19,735,756.79,735,754.5
2025-05-20,747,756,747,753.49
2025-05-21,757,775.79,757,773.82
2025-05-22,768.5,782.3,768.5,778.36
2025-05-23,774.9,778.5,768,776.4
2025-05-26,779.5,782,773.51,773.94
2025-05-27,774.2,777.29,767.3,768.75
2025-05-28,767,770.9,765.5,769.67
2025-05-29,769.7,769.7,756.64,763.02
2025-05-30,763.02,771.9,762,768.79
2025-06-03,786.5,786.5,776,778.5
2025-06-04,783.19,783.19,775.5,779.46
2025-06-05,779.75,783.69,778,781.25
2025-06-06,786,786,774.5,779.88
2025-06-09,781,781,764.5,772.3
2025-06-10,780,780,766.7,772.68
2025-06-11,790,790,772.5,774.69
2025-06-12,774,783.5,772.2,780.54
2025-06-13,785,798,773.99,792.07
2025-06-16,795,798,787.3,788.2
2025-06-17,789,789,779.01,783.19
2025-06-18,800,800,779,781.85
2025-06-19,784,785,776.3,777.41
2025-06-20,780.3,781,774.4,777.4
2025-06-23,776,780.9,775,777.98
2025-06-24,782,782.2,767,768.87
2025-06-25,768,772,764,771.49
2025-06-26,770,774,768,773.64
2025-06-27,772.03,772.03,762.2,763.3
2025-06-30,760,765,756,764.43
2025-07-01,761.5,773,760.5,772.88
2025-07-02,774.5,776,770.7,770.7
2025-07-03,774.6,777.6,772.8,776.14
2025-07-04,772,773.5,768,771.9
2025-07-07,772.5,773.3,765.9,767.75
2025-07-08,766,773.29,765.01,771.48
2025-07-09,770,771.3,761,763.38
2025-07-10,763,770,763,769.73
2025-07-11,767.4,771.8,767.4,769.66
2025-07-14,764,777.5,764,777.4
2025-07-15,776,778,772,776.02
2025-07-16,774.5,774.5,770,772.4
2025-07-17,773,778,769.3,770.91
2025-07-18,770.5,773.79,768,773.5
2025-07-21,775.6,778.5,773.5,777.34
2025-07-22,778.5,783,778.5,780.35
2025-07-23,782.3,789.3,782,788.5
2025-07-24,790,790,773.25,775.34
2025-07-25,774.1,775,772.2,774.21
2025-07-28,772,774.3,767.8,771.8
2025-07-29,770,770,765,767.69
2025-07-30,767.9,771.21,767.9,769.68
2025-07-31,770,772,763.5,767.36
2025-08-01,767,768.4,764.8,767.29
2025-08-04,770,778,770,776.01
2025-08-05,778,781.8,778,779.85
2025-08-06,780,781.5,778.9,779.14
2025-08-07,780.9,782.5,779.01,782.08
2025-08-08,779.5,784.5,779.5,783.18
2025-08-11,783,790,775.01,775.54
2025-08-12,775,775,772,773.47
2025-08-13,773,775.48,771,774.96
2025-08-14,774.45,776.98,774,775.05
2025-08-15,775,775,770.2,773.55
2025-08-18,769,781,769,774.46
2025-08-19,774,774.5,771.2,773.05
2025-08-20,772,774.49,767.6,770.24
2025-08-21,773,775,771.2,772
2025-08-22,772,774,770.01,771.87
2025-08-25,771.87,778,770,775.85
2025-08-26,776,779.6,775.5,777.1
2025-08-27,779,779.5,777,778.07
2025-08-28,777.5,780.7,777.5,779.85
2025-08-29,779,782.59,779,781.71
2025-09-01,782.9,798.9,782.9,794.66
2025-09-02,795,806.5,795,799.95
2025-09-03,800,812.99,800,809
2025-09-04,814,817,804,809.19
2025-09-05,809.19,813,809,811.5
2025-09-08,810.3,822,810.3,821.2
2025-09-09,823,833.99,823,832
2025-09-10,832,836,824.5,829.75
2025-09-11,830,832.8,825.8,826.52
2025-09-12,825,831.7,824.1,830.41
2025-09-15,830.2,831,826,828.21
2025-09-16,829,839.99,829,838.73
2025-09-17,838.7,841,831.4,831.85
2025-09-18,832.8,837,822,824.59
2025-09-19,830,830,823,826.71
2025-09-22,827,845,827,839.5
2025-09-23,843,850.88,840.1,850.65
2025-09-24,854,856.8,848.75,856.63
2025-09-25,856.5,857,848,851.74
2025-09-26,853,854.8,847.6,853
2025-09-29,853.3,864.99,852.5,862.9
2025-09-30,865,880,861,871.86
2025-10-09,917.9,918.8,902,911.5
2025-10-10,913.5,917.8,896.05,897.63
2025-10-13,901,927.9,895,926.73
2025-10-14,928,957.8,927,940.72
2025-10-15,940,960,933.8,959.04
2025-10-16,958,970,955,968.14
2025-10-17,969,1002,965,997.17
2025-10-20,999.99,999.99,962,974.3
2025-10-21,977,999,977,987.12
2025-10-22,976.8,976.8,932,948.8
2025-10-23,920,946,920,941.21
2025-10-24,945,955,934.3,935.6
2025-10-27,928.6,953,928,930.79
2025-10-28,930.79,930.79,896.52,896.6
2025-10-29,895,913.7,895,912.94
2025-10-30,917,922,894.01,906.89
2025-10-31,910.5,925,909,921.5
2025-11-03,924,925,909,920
2025-11-04,918,925,910.5,916.49
2025-11-05,912,916.5,903,910
2025-11-06,910,919.8,910,918
2025-11-07,920,924,912,918.03
2025-11-10,919,935,914,934.81
2025-11-11,938.9,950.99,935,946.79
2025-11-12,949,949,939,944.84
2025-11-13,946,960,940.1,959.14
2025-11-14,959.55,968,948,948.03
2025-11-17,942,943,921,931.42
2025-11-18,935.5,938,916.04,916.96
2025-11-19,923.5,937.8,921.05,935.33
2025-11-20,940,942.5,927,929.95
2025-11-21,933,938,918,924.44
2025-11-24,924,935,923.8,926
2025-11-25,930,945,930,941.54
2025-11-26,940,945.9,935,941.16
2025-11-27,945.8,945.8,940,943.98
2025-11-28,942.5,950.9,942,948.15
2025-12-01,946.2,962.2,756.4,958.46
2025-12-02,960,962,951,954.89
2025-12-03,952,957.5,945,950.06
2025-12-04,948.4,958.88,946,949.32
2025-12-05,951,957,950,956.5
2025-12-08,956,961,950.3,954.1
2025-12-09,954.3,954.3,945,947.13
2025-12-10,950,955.9,948.5,950.91
2025-12-11,950.91,962,950,952.39
2025-12-12,955,965.9,951.5,964.25
2025-12-15,978.9,979,960,976.82
2025-12-16,978,978.5,963,964.89
2025-12-17,964,977.94,964,972.71
2025-12-18,972.6,977.99,971.5,975.55
2025-12-19,974.66,980,970,975.51
2025-12-22,977,995,974,992.79
2025-12-23,985,1014,985,1006.87
2025-12-24,1008.2,1017.2,995,1007.69
2025-12-25,1009.5,1009.5,999.7,1002.98
2025-12-26,1004,1017,1003.51,1007
2025-12-29,1010,1015,1000.01,1004
2025-12-30,1003.99,1003.99,970,981.91
2025-12-31,986,990,960,974.9
2026-01-05,990,996,987.01,993.57
2026-01-06,994,1008,990,1003.01
2026-01-07,1002,1007.3,996.5,999.68
2026-01-08,1005,1005,992.01,996.21
2026-01-09,995,1004.88,992.05,1003.49
2026-01-12,1003.5,1029,1001.49,1023.71
2026-01-13,1024,1030.01,1022.5,1025.02
2026-01-14,1028,1038.58,1024,1038
2026-01-15,1040,1040,1027.5,1034.27
2026-01-16,1036,1036,1028,1032.63
2026-01-19,1033,1049.99,1020,1045.72
2026-01-20,1046,1056.8,1044.5,1056.43
2026-01-21,1058.99,1099.99,1055,1087.81
2026-01-22,1090,1098,1066.01,1083.69
2026-01-23,1083.77,1114,1081,1110.3
2026-01-26,1107,1147,1105,1144.45
2026-01-27,1143.5,1150,1126,1144.14
2026-01-28,1142,1185.9,1030,1184.96
2026-01-29,1180.5,1256,1178,1243.02
2026-01-30,1247.9,1248.5,1148.01,1163.95
2026-02-02,1153,1157,998,1030
2026-02-03,1070,1100,1040,1097.89
2026-02-04,1100,1198.5,1090,1140.3
2026-02-05,1139,1140,1078,1105.47
2026-02-06,1094,1102.95,1049.01,1093.85
2026-02-09,1090,1132,1050,1116.02
2026-02-10,1121,1130.5,1115,1116.69
2026-02-11,1120,1128,1115,1123.02
2026-02-12,1136,1137,1120,1122.52
2026-02-13,1124,1127,1092,1108.92
2026-02-24,1155,1158,1138.3,1147.66
2026-02-25,1146.1,1155,1136,1145.64
2026-02-26,1145.1,1150,1141.51,1144.51
2026-02-27,1144.99,1147.9,1135,1142.97
2026-03-02,1146,1201.8,1144.2,1199.45
2026-03-03,1195,1219.9,1174.5,1182
2026-03-04,1149,1169,1125,1153.18
2026-03-05,1154,1158,1140.38,1149.61
2026-03-06,1151,1151,1132,1139.33
2026-03-09,1135,1160,1120,1140.38
2026-03-10,1139.1,1151.6,1132.1,1144.78
2026-03-11,1148.5,1158,1142.5,1150.42
2026-03-12,1149,1152,1141.5,1146.45
2026-03-13,1147,1150.8,1129.65,1131.09
2026-03-16,1138,1140,1110.01,1114.61
2026-03-17,1117.8,1121,1109,1115.97
2026-03-18,1115,1117,1108,1111.89
2026-03-19,1095,1181,1057,1061
2026-03-20,1140,1140,1007,1041.59
2026-03-23,1040,1046,911,924.65
2026-03-24,965,999,953.2,979.56
2026-03-25,980,1028.99,965.1,1015.45
2026-03-26,1015.45,1022.5,982,991.36
2026-03-27,988,999.5,977,993.9
2026-03-30,990,1015,986,1008.75
2026-03-31,1015,1029.99,1008,1018.9
2026-04-01,1023,1050,1015,1047.89
2026-04-02,1060,1095,1010,1027.5
2026-04-03,1022,1042,1020,1034.42
2026-04-07,1032,1035,1026,1028
2026-04-08,1033,1065,1021,1059.91
2026-04-09,1060,1060,1036,1036
2026-04-10,1047,1055,1043,1047.23
2026-04-13,1048.5,1055,1035,1042.3
2026-04-14,1040,1052,1035.1,1048.35
2026-04-15,1047.1,1067.8,1046,1055.19
2026-04-16,1050,1060.2,1050,1058.36
2026-04-17,1058,1060,1046.1,1053
2026-04-20,1055,1070,1045,1053.98
2026-04-21,1055.5,1059,1048.06,1050.48
2026-04-22,1053,1055.8,1038.88,1049.11
2026-04-23,1047,1053,1034.5,1037.5
2026-04-24,1040,1044,1028,1033.25
2026-04-27,1039.9,1044,1033,1037.21
2026-04-28,1035,1038.9,1019,1020.73
2026-04-29,1007,1020,1006.32,1009.88
2026-04-30,1007,1016,995,1013.6
2026-05-06,1017,1027,1014.04,1026.94
2026-05-07,1030,1044.99,1025.1,1038.94
2026-05-08,1038.2,1045,1031,1032
2026-05-11,1033.5,1039.9,1018.31,1025.82
2026-05-12,1025,1040.1,1025,1028.51
2026-05-13,1030,1032.9,1018,1029.99
2026-05-14,1030.8,1031.2,1022.02,1028.68
2026-05-15,1031.5,1031.5,1000.05,1006.01
2026-05-18,1000.01,1005,980.02,999.69
2026-05-19,999.69,1008.8,995,998
2026-05-20,999.7,1000.5,979.01,984.98
2026-05-21,998.8,1002,984,991.4
2026-05-22,992,995.95,986,992.1
2026-05-25,998,1001.99,985.6,997
2026-05-26,999,1000.5,990.17,991.97
2026-05-27,988,993,979.01,982.53
2026-05-28,972,980,956.01,961.82
2026-05-29,965,988,959,984.96
2026-06-01,987,999,980.02,980.6
2026-06-02,982,989,970.1,987.45
2026-06-03,987,987,972.4,972.8
2026-06-04,975,978.5,970,974.5
2026-06-05,983,984.5,966.5,974.41
2026-06-08,975,975,932,941.01
2026-06-09,945,951.48,944,944.98
2026-06-10,945,950,910,915.63
2026-06-11,915,915,883.81,896.01
2026-06-12,888,919,885,907.47
2026-06-15,912.6,943,909,937.51
2026-06-16,945,948.6,936.7,940.48
2026-06-17,941,945.8,937,939.18
2026-06-18,939,950,933.33,935.86
2026-06-22,917.5,920,908.01,914.35
2026-06-23,918.99,918.99,896.01,898.93
2026-06-24,900,904.6,885,894.39
2026-06-25,887,888,867,874.95
2026-06-26,874,885,870.01,883.7
2026-06-29,885,894.88,881.21,886.74
2026-06-30,883,887.99,860.02,879.03
2026-07-01,878,886,866.5,868.8
2026-07-02,882,896,874.2,887
2026-07-03,886,915.7,886,910.98
2026-07-06,910,917,905.1,907.77
2026-07-07,906.5,909,899.01,902.57
2026-07-08,908,912,895.95,901.07
2026-07-09,892,899,883,898.79
2026-07-10,899,904.5,896.8,897.25
2026-07-13,899.99,900,883,886.46
2026-07-14,885.3,889,872,879.9
2026-07-15,882,895,876.8,877.99
2026-07-16,880,888,876,877.32
2026-07-17,875,882.5,867,872.48
2026-07-20,872,878.5,866,873
2026-07-21,872.5,889.6,872,886.95
2026-07-22,882.01,904,882.01,899
2026-07-23,900,908,895,895.67
2026-07-24,892,892,877.53,883.66
2026-07-27,886,896,882,893.97
2026-07-28,893,896,879.5,883.28
2026-07-29,877,885,875.03,881.98
2026-07-30,879,891.6,872.05,880.69
2026-07-31,885,895,883.5,884.92
2026-08-03,881.6,886,876,883.04
2026-08-04,885,885,876,884.22
2026-08-05,885.99,907.49,883.1,904.92
2026-08-06,906.01,935,906.01,925.6
2026-08-07,924.71,934,918,930.47
2026-08-10,938,948,934,944.67
2026-08-11,940,965,938,946.7
2026-08-12,952.5,958,950,955.75
2026-08-13,955,963,947.2,949.24
2026-08-14,955,955,933.01,940.72
2026-08-17,946,956,946,952.44
2026-08-18,953,961,948.5,955.16
2026-08-19,952,959.99,939.5,945.22
2026-08-20,945,972.9,945,968.14
2026-08-21,967,986.6,962,983.56
2026-08-24,990,1006.6,985,1004.21
2026-08-25,1004,1012.6,998.5,1000
2026-08-26,1002,1007.9,992.08,1000.68
2026-08-27,999,1002.2,991,992.29
2026-08-28,995,997.66,986,995.05
2026-08-31,993,1000,951,962
2026-09-01,962.5,966,956,957.92
2026-09-02,948,948,926.8,937.5
2026-09-03,939.99,961,937.5,957.5
2026-09-04,958.2,975,958.2,965.95
2026-09-07,964,968,943,949.6
2026-09-08,949,959.94,948,951.52
